model_id,prompt_id,subtype_id,group_type,group_value,pair_count,flip_pairs,reverse_flip_pairs,FR_control,FR_trigger,delta_pp,p_value,n01,n10
DeepSeek-V3.2,P1,full_half_width,composition,single,24,1,0,29.1667,33.3333,4.1667,1.000000,1,0
DeepSeek-V3.2,P1,full_half_width,domain,announcement,4,0,0,0.0000,0.0000,0.0000,1.000000,0,0
DeepSeek-V3.2,P1,full_half_width,domain,customer_service,4,0,0,75.0000,75.0000,0.0000,1.000000,0,0
DeepSeek-V3.2,P1,full_half_width,domain,email,4,1,0,0.0000,25.0000,25.0000,1.000000,1,0
DeepSeek-V3.2,P1,full_half_width,domain,form_ocr,4,0,0,25.0000,25.0000,0.0000,1.000000,0,0
DeepSeek-V3.2,P1,full_half_width,domain,im_chat,4,0,0,50.0000,50.0000,0.0000,1.000000,0,0
DeepSeek-V3.2,P1,full_half_width,domain,social_media,4,0,0,25.0000,25.0000,0.0000,1.000000,0,0
DeepSeek-V3.2,P1,full_half_width,intensity,hard,3,0,0,0.0000,0.0000,0.0000,1.000000,0,0
DeepSeek-V3.2,P1,full_half_width,intensity,light,13,1,0,38.4615,46.1538,7.6923,1.000000,1,0
DeepSeek-V3.2,P1,full_half_width,intensity,medium,8,0,0,25.0000,25.0000,0.0000,1.000000,0,0
DeepSeek-V3.2,P1,full_half_width,source_style,chat,8,0,0,62.5000,62.5000,0.0000,1.000000,0,0
DeepSeek-V3.2,P1,full_half_width,source_style,doc,4,0,0,0.0000,0.0000,0.0000,1.000000,0,0
DeepSeek-V3.2,P1,full_half_width,source_style,form,4,0,0,25.0000,25.0000,0.0000,1.000000,0,0
DeepSeek-V3.2,P1,full_half_width,source_style,mail,4,1,0,0.0000,25.0000,25.0000,1.000000,1,0
DeepSeek-V3.2,P1,full_half_width,source_style,social,4,0,0,25.0000,25.0000,0.0000,1.000000,0,0
DeepSeek-V3.2,P1,full_half_width,target_field,amount,10,0,0,20.0000,20.0000,0.0000,1.000000,0,0
DeepSeek-V3.2,P1,full_half_width,target_field,company,4,1,0,25.0000,50.0000,25.0000,1.000000,1,0
DeepSeek-V3.2,P1,full_half_width,target_field,date,10,0,0,40.0000,40.0000,0.0000,1.000000,0,0
DeepSeek-V3.2,P1,ocr_confusable,composition,single,24,14,0,20.8333,79.1667,58.3333,0.000122,14,0
DeepSeek-V3.2,P1,ocr_confusable,domain,announcement,4,3,0,0.0000,75.0000,75.0000,0.250000,3,0
DeepSeek-V3.2,P1,ocr_confusable,domain,customer_service,4,1,0,25.0000,50.0000,25.0000,1.000000,1,0
DeepSeek-V3.2,P1,ocr_confusable,domain,email,4,1,0,50.0000,75.0000,25.0000,1.000000,1,0
DeepSeek-V3.2,P1,ocr_confusable,domain,form_ocr,4,3,0,0.0000,75.0000,75.0000,0.250000,3,0
DeepSeek-V3.2,P1,ocr_confusable,domain,im_chat,4,2,0,50.0000,100.0000,50.0000,0.500000,2,0
DeepSeek-V3.2,P1,ocr_confusable,domain,social_media,4,4,0,0.0000,100.0000,100.0000,0.125000,4,0
DeepSeek-V3.2,P1,ocr_confusable,intensity,hard,6,3,0,33.3333,83.3333,50.0000,0.250000,3,0
DeepSeek-V3.2,P1,ocr_confusable,intensity,light,12,6,0,16.6667,66.6667,50.0000,0.031250,6,0
DeepSeek-V3.2,P1,ocr_confusable,intensity,medium,6,5,0,16.6667,100.0000,83.3333,0.062500,5,0
DeepSeek-V3.2,P1,ocr_confusable,source_style,chat,8,3,0,37.5000,75.0000,37.5000,0.250000,3,0
DeepSeek-V3.2,P1,ocr_confusable,source_style,doc,4,3,0,0.0000,75.0000,75.0000,0.250000,3,0
DeepSeek-V3.2,P1,ocr_confusable,source_style,form,4,3,0,0.0000,75.0000,75.0000,0.250000,3,0
DeepSeek-V3.2,P1,ocr_confusable,source_style,mail,4,1,0,50.0000,75.0000,25.0000,1.000000,1,0
DeepSeek-V3.2,P1,ocr_confusable,source_style,social,4,4,0,0.0000,100.0000,100.0000,0.125000,4,0
DeepSeek-V3.2,P1,ocr_confusable,target_field,amount,4,4,0,0.0000,100.0000,100.0000,0.125000,4,0
DeepSeek-V3.2,P1,ocr_confusable,target_field,company,13,9,0,30.7692,100.0000,69.2308,0.003906,9,0
DeepSeek-V3.2,P1,ocr_confusable,target_field,date,7,1,0,14.2857,28.5714,14.2857,1.000000,1,0
DeepSeek-V3.2,P1,simp_trad,composition,single,48,23,1,33.3333,79.1667,45.8333,0.000003,23,1
DeepSeek-V3.2,P1,simp_trad,domain,announcement,8,7,0,0.0000,87.5000,87.5000,0.015625,7,0
DeepSeek-V3.2,P1,simp_trad,domain,customer_service,8,1,1,75.0000,75.0000,0.0000,1.000000,1,1
DeepSeek-V3.2,P1,simp_trad,domain,email,8,2,0,37.5000,62.5000,25.0000,0.500000,2,0
DeepSeek-V3.2,P1,simp_trad,domain,form_ocr,8,4,0,25.0000,75.0000,50.0000,0.125000,4,0
DeepSeek-V3.2,P1,simp_trad,domain,im_chat,8,4,0,50.0000,100.0000,50.0000,0.125000,4,0
DeepSeek-V3.2,P1,simp_trad,domain,social_media,8,5,0,12.5000,75.0000,62.5000,0.062500,5,0
DeepSeek-V3.2,P1,simp_trad,intensity,hard,9,0,0,33.3333,33.3333,0.0000,1.000000,0,0
DeepSeek-V3.2,P1,simp_trad,intensity,light,26,17,1,23.0769,84.6154,61.5385,0.000145,17,1
DeepSeek-V3.2,P1,simp_trad,intensity,medium,13,6,0,53.8462,100.0000,46.1538,0.031250,6,0
DeepSeek-V3.2,P1,simp_trad,source_style,chat,16,5,1,62.5000,87.5000,25.0000,0.218750,5,1
DeepSeek-V3.2,P1,simp_trad,source_style,doc,8,7,0,0.0000,87.5000,87.5000,0.015625,7,0
DeepSeek-V3.2,P1,simp_trad,source_style,form,8,4,0,25.0000,75.0000,50.0000,0.125000,4,0
DeepSeek-V3.2,P1,simp_trad,source_style,mail,8,2,0,37.5000,62.5000,25.0000,0.500000,2,0
DeepSeek-V3.2,P1,simp_trad,source_style,social,8,5,0,12.5000,75.0000,62.5000,0.062500,5,0
DeepSeek-V3.2,P1,simp_trad,target_field,amount,6,0,0,16.6667,16.6667,0.0000,1.000000,0,0
DeepSeek-V3.2,P1,simp_trad,target_field,company,36,21,1,33.3333,88.8889,55.5556,0.000011,21,1
DeepSeek-V3.2,P1,simp_trad,target_field,date,6,2,0,50.0000,83.3333,33.3333,0.500000,2,0
DeepSeek-V3.2,P2,full_half_width,composition,single,24,1,0,25.0000,29.1667,4.1667,1.000000,1,0
DeepSeek-V3.2,P2,full_half_width,domain,announcement,4,0,0,0.0000,0.0000,0.0000,1.000000,0,0
DeepSeek-V3.2,P2,full_half_width,domain,customer_service,4,0,0,75.0000,75.0000,0.0000,1.000000,0,0
DeepSeek-V3.2,P2,full_half_width,domain,email,4,1,0,0.0000,25.0000,25.0000,1.000000,1,0
DeepSeek-V3.2,P2,full_half_width,domain,form_ocr,4,0,0,25.0000,25.0000,0.0000,1.000000,0,0
DeepSeek-V3.2,P2,full_half_width,domain,im_chat,4,0,0,25.0000,25.0000,0.0000,1.000000,0,0
DeepSeek-V3.2,P2,full_half_width,domain,social_media,4,0,0,25.0000,25.0000,0.0000,1.000000,0,0
DeepSeek-V3.2,P2,full_half_width,intensity,hard,3,0,0,0.0000,0.0000,0.0000,1.000000,0,0
DeepSeek-V3.2,P2,full_half_width,intensity,light,13,1,0,30.7692,38.4615,7.6923,1.000000,1,0
DeepSeek-V3.2,P2,full_half_width,intensity,medium,8,0,0,25.0000,25.0000,0.0000,1.000000,0,0
DeepSeek-V3.2,P2,full_half_width,source_style,chat,8,0,0,50.0000,50.0000,0.0000,1.000000,0,0
DeepSeek-V3.2,P2,full_half_width,source_style,doc,4,0,0,0.0000,0.0000,0.0000,1.000000,0,0
DeepSeek-V3.2,P2,full_half_width,source_style,form,4,0,0,25.0000,25.0000,0.0000,1.000000,0,0
DeepSeek-V3.2,P2,full_half_width,source_style,mail,4,1,0,0.0000,25.0000,25.0000,1.000000,1,0
DeepSeek-V3.2,P2,full_half_width,source_style,social,4,0,0,25.0000,25.0000,0.0000,1.000000,0,0
DeepSeek-V3.2,P2,full_half_width,target_field,amount,10,0,0,10.0000,10.0000,0.0000,1.000000,0,0
DeepSeek-V3.2,P2,full_half_width,target_field,company,4,1,0,25.0000,50.0000,25.0000,1.000000,1,0
DeepSeek-V3.2,P2,full_half_width,target_field,date,10,0,0,40.0000,40.0000,0.0000,1.000000,0,0
DeepSeek-V3.2,P2,ocr_confusable,composition,single,24,18,0,20.8333,95.8333,75.0000,0.000008,18,0
DeepSeek-V3.2,P2,ocr_confusable,domain,announcement,4,3,0,0.0000,75.0000,75.0000,0.250000,3,0
DeepSeek-V3.2,P2,ocr_confusable,domain,customer_service,4,3,0,25.0000,100.0000,75.0000,0.250000,3,0
DeepSeek-V3.2,P2,ocr_confusable,domain,email,4,3,0,25.0000,100.0000,75.0000,0.250000,3,0
DeepSeek-V3.2,P2,ocr_confusable,domain,form_ocr,4,4,0,0.0000,100.0000,100.0000,0.125000,4,0
DeepSeek-V3.2,P2,ocr_confusable,domain,im_chat,4,2,0,50.0000,100.0000,50.0000,0.500000,2,0
DeepSeek-V3.2,P2,ocr_confusable,domain,social_media,4,3,0,25.0000,100.0000,75.0000,0.250000,3,0
DeepSeek-V3.2,P2,ocr_confusable,intensity,hard,6,5,0,16.6667,100.0000,83.3333,0.062500,5,0
DeepSeek-V3.2,P2,ocr_confusable,intensity,light,12,8,0,25.0000,91.6667,66.6667,0.007812,8,0
DeepSeek-V3.2,P2,ocr_confusable,intensity,medium,6,5,0,16.6667,100.0000,83.3333,0.062500,5,0
DeepSeek-V3.2,P2,ocr_confusable,source_style,chat,8,5,0,37.5000,100.0000,62.5000,0.062500,5,0
DeepSeek-V3.2,P2,ocr_confusable,source_style,doc,4,3,0,0.0000,75.0000,75.0000,0.250000,3,0
DeepSeek-V3.2,P2,ocr_confusable,source_style,form,4,4,0,0.0000,100.0000,100.0000,0.125000,4,0
DeepSeek-V3.2,P2,ocr_confusable,source_style,mail,4,3,0,25.0000,100.0000,75.0000,0.250000,3,0
DeepSeek-V3.2,P2,ocr_confusable,source_style,social,4,3,0,25.0000,100.0000,75.0000,0.250000,3,0
DeepSeek-V3.2,P2,ocr_confusable,target_field,amount,4,4,0,0.0000,100.0000,100.0000,0.125000,4,0
DeepSeek-V3.2,P2,ocr_confusable,target_field,company,13,9,0,30.7692,100.0000,69.2308,0.003906,9,0
DeepSeek-V3.2,P2,ocr_confusable,target_field,date,7,5,0,14.2857,85.7143,71.4286,0.062500,5,0
DeepSeek-V3.2,P2,simp_trad,composition,single,48,25,0,27.0833,79.1667,52.0833,0.000000,25,0
DeepSeek-V3.2,P2,simp_trad,domain,announcement,8,7,0,0.0000,87.5000,87.5000,0.015625,7,0
DeepSeek-V3.2,P2,simp_trad,domain,customer_service,8,1,0,62.5000,75.0000,12.5000,1.000000,1,0
DeepSeek-V3.2,P2,simp_trad,domain,email,8,3,0,25.0000,62.5000,37.5000,0.250000,3,0
DeepSeek-V3.2,P2,simp_trad,domain,form_ocr,8,4,0,25.0000,75.0000,50.0000,0.125000,4,0
DeepSeek-V3.2,P2,simp_trad,domain,im_chat,8,5,0,37.5000,100.0000,62.5000,0.062500,5,0
DeepSeek-V3.2,P2,simp_trad,domain,social_media,8,5,0,12.5000,75.0000,62.5000,0.062500,5,0
DeepSeek-V3.2,P2,simp_trad,intensity,hard,9,0,0,33.3333,33.3333,0.0000,1.000000,0,0
DeepSeek-V3.2,P2,simp_trad,intensity,light,26,17,0,19.2308,84.6154,65.3846,0.000015,17,0
DeepSeek-V3.2,P2,simp_trad,intensity,medium,13,8,0,38.4615,100.0000,61.5385,0.007812,8,0
DeepSeek-V3.2,P2,simp_trad,source_style,chat,16,6,0,50.0000,87.5000,37.5000,0.031250,6,0
DeepSeek-V3.2,P2,simp_trad,source_style,doc,8,7,0,0.0000,87.5000,87.5000,0.015625,7,0
DeepSeek-V3.2,P2,simp_trad,source_style,form,8,4,0,25.0000,75.0000,50.0000,0.125000,4,0
DeepSeek-V3.2,P2,simp_trad,source_style,mail,8,3,0,25.0000,62.5000,37.5000,0.250000,3,0
DeepSeek-V3.2,P2,simp_trad,source_style,social,8,5,0,12.5000,75.0000,62.5000,0.062500,5,0
DeepSeek-V3.2,P2,simp_trad,target_field,amount,6,0,0,16.6667,16.6667,0.0000,1.000000,0,0
DeepSeek-V3.2,P2,simp_trad,target_field,company,36,22,0,27.7778,88.8889,61.1111,0.000000,22,0
DeepSeek-V3.2,P2,simp_trad,target_field,date,6,3,0,33.3333,83.3333,50.0000,0.250000,3,0
DeepSeek-V3.2,P3,full_half_width,composition,single,24,1,0,25.0000,29.1667,4.1667,1.000000,1,0
DeepSeek-V3.2,P3,full_half_width,domain,announcement,4,0,0,0.0000,0.0000,0.0000,1.000000,0,0
DeepSeek-V3.2,P3,full_half_width,domain,customer_service,4,1,0,75.0000,100.0000,25.0000,1.000000,1,0
DeepSeek-V3.2,P3,full_half_width,domain,email,4,0,0,0.0000,0.0000,0.0000,1.000000,0,0
DeepSeek-V3.2,P3,full_half_width,domain,form_ocr,4,0,0,25.0000,25.0000,0.0000,1.000000,0,0
DeepSeek-V3.2,P3,full_half_width,domain,im_chat,4,0,0,50.0000,50.0000,0.0000,1.000000,0,0
DeepSeek-V3.2,P3,full_half_width,domain,social_media,4,0,0,0.0000,0.0000,0.0000,1.000000,0,0
DeepSeek-V3.2,P3,full_half_width,intensity,hard,3,0,0,0.0000,0.0000,0.0000,1.000000,0,0
DeepSeek-V3.2,P3,full_half_width,intensity,light,13,0,0,38.4615,38.4615,0.0000,1.000000,0,0
DeepSeek-V3.2,P3,full_half_width,intensity,medium,8,1,0,12.5000,25.0000,12.5000,1.000000,1,0
DeepSeek-V3.2,P3,full_half_width,source_style,chat,8,1,0,62.5000,75.0000,12.5000,1.000000,1,0
DeepSeek-V3.2,P3,full_half_width,source_style,doc,4,0,0,0.0000,0.0000,0.0000,1.000000,0,0
DeepSeek-V3.2,P3,full_half_width,source_style,form,4,0,0,25.0000,25.0000,0.0000,1.000000,0,0
DeepSeek-V3.2,P3,full_half_width,source_style,mail,4,0,0,0.0000,0.0000,0.0000,1.000000,0,0
DeepSeek-V3.2,P3,full_half_width,source_style,social,4,0,0,0.0000,0.0000,0.0000,1.000000,0,0
DeepSeek-V3.2,P3,full_half_width,target_field,amount,10,0,0,30.0000,30.0000,0.0000,1.000000,0,0
DeepSeek-V3.2,P3,full_half_width,target_field,company,4,0,0,25.0000,25.0000,0.0000,1.000000,0,0
DeepSeek-V3.2,P3,full_half_width,target_field,date,10,1,0,20.0000,30.0000,10.0000,1.000000,1,0
DeepSeek-V3.2,P3,ocr_confusable,composition,single,24,12,0,25.0000,75.0000,50.0000,0.000488,12,0
DeepSeek-V3.2,P3,ocr_confusable,domain,announcement,4,2,0,0.0000,50.0000,50.0000,0.500000,2,0
DeepSeek-V3.2,P3,ocr_confusable,domain,customer_service,4,0,0,50.0000,50.0000,0.0000,1.000000,0,0
DeepSeek-V3.2,P3,ocr_confusable,domain,email,4,3,0,0.0000,75.0000,75.0000,0.250000,3,0
DeepSeek-V3.2,P3,ocr_confusable,domain,form_ocr,4,2,0,25.0000,75.0000,50.0000,0.500000,2,0
DeepSeek-V3.2,P3,ocr_confusable,domain,im_chat,4,1,0,75.0000,100.0000,25.0000,1.000000,1,0
DeepSeek-V3.2,P3,ocr_confusable,domain,social_media,4,4,0,0.0000,100.0000,100.0000,0.125000,4,0
DeepSeek-V3.2,P3,ocr_confusable,intensity,hard,6,4,0,16.6667,83.3333,66.6667,0.125000,4,0
DeepSeek-V3.2,P3,ocr_confusable,intensity,light,12,6,0,8.3333,58.3333,50.0000,0.031250,6,0
DeepSeek-V3.2,P3,ocr_confusable,intensity,medium,6,2,0,66.6667,100.0000,33.3333,0.500000,2,0
DeepSeek-V3.2,P3,ocr_confusable,source_style,chat,8,1,0,62.5000,75.0000,12.5000,1.000000,1,0
DeepSeek-V3.2,P3,ocr_confusable,source_style,doc,4,2,0,0.0000,50.0000,50.0000,0.500000,2,0
DeepSeek-V3.2,P3,ocr_confusable,source_style,form,4,2,0,25.0000,75.0000,50.0000,0.500000,2,0
DeepSeek-V3.2,P3,ocr_confusable,source_style,mail,4,3,0,0.0000,75.0000,75.0000,0.250000,3,0
DeepSeek-V3.2,P3,ocr_confusable,source_style,social,4,4,0,0.0000,100.0000,100.0000,0.125000,4,0
DeepSeek-V3.2,P3,ocr_confusable,target_field,amount,4,2,0,50.0000,100.0000,50.0000,0.500000,2,0
DeepSeek-V3.2,P3,ocr_confusable,target_field,company,13,9,0,23.0769,92.3077,69.2308,0.003906,9,0
DeepSeek-V3.2,P3,ocr_confusable,target_field,date,7,1,0,14.2857,28.5714,14.2857,1.000000,1,0
DeepSeek-V3.2,P3,simp_trad,composition,single,48,27,1,31.2500,85.4167,54.1667,0.000000,27,1
DeepSeek-V3.2,P3,simp_trad,domain,announcement,8,7,0,0.0000,87.5000,87.5000,0.015625,7,0
DeepSeek-V3.2,P3,simp_trad,domain,customer_service,8,3,0,62.5000,100.0000,37.5000,0.250000,3,0
DeepSeek-V3.2,P3,simp_trad,domain,email,8,5,0,0.0000,62.5000,62.5000,0.062500,5,0
DeepSeek-V3.2,P3,simp_trad,domain,form_ocr,8,3,1,50.0000,75.0000,25.0000,0.625000,3,1
DeepSeek-V3.2,P3,simp_trad,domain,im_chat,8,3,0,62.5000,100.0000,37.5000,0.250000,3,0
DeepSeek-V3.2,P3,simp_trad,domain,social_media,8,6,0,12.5000,87.5000,75.0000,0.031250,6,0
DeepSeek-V3.2,P3,simp_trad,intensity,hard,9,1,0,33.3333,44.4444,11.1111,1.000000,1,0
DeepSeek-V3.2,P3,simp_trad,intensity,light,26,17,1,30.7692,92.3077,61.5385,0.000145,17,1
DeepSeek-V3.2,P3,simp_trad,intensity,medium,13,9,0,30.7692,100.0000,69.2308,0.003906,9,0
DeepSeek-V3.2,P3,simp_trad,source_style,chat,16,6,0,62.5000,100.0000,37.5000,0.031250,6,0
DeepSeek-V3.2,P3,simp_trad,source_style,doc,8,7,0,0.0000,87.5000,87.5000,0.015625,7,0
DeepSeek-V3.2,P3,simp_trad,source_style,form,8,3,1,50.0000,75.0000,25.0000,0.625000,3,1
DeepSeek-V3.2,P3,simp_trad,source_style,mail,8,5,0,0.0000,62.5000,62.5000,0.062500,5,0
DeepSeek-V3.2,P3,simp_trad,source_style,social,8,6,0,12.5000,87.5000,75.0000,0.031250,6,0
DeepSeek-V3.2,P3,simp_trad,target_field,amount,6,0,0,16.6667,16.6667,0.0000,1.000000,0,0
DeepSeek-V3.2,P3,simp_trad,target_field,company,36,24,1,30.5556,94.4444,63.8889,0.000002,24,1
DeepSeek-V3.2,P3,simp_trad,target_field,date,6,3,0,50.0000,100.0000,50.0000,0.250000,3,0
DeepSeek-V3.2,P4,full_half_width,composition,single,24,2,2,29.1667,29.1667,0.0000,1.000000,2,2
DeepSeek-V3.2,P4,full_half_width,domain,announcement,4,0,0,0.0000,0.0000,0.0000,1.000000,0,0
DeepSeek-V3.2,P4,full_half_width,domain,customer_service,4,0,0,75.0000,75.0000,0.0000,1.000000,0,0
DeepSeek-V3.2,P4,full_half_width,domain,email,4,1,0,0.0000,25.0000,25.0000,1.000000,1,0
DeepSeek-V3.2,P4,full_half_width,domain,form_ocr,4,0,0,25.0000,25.0000,0.0000,1.000000,0,0
DeepSeek-V3.2,P4,full_half_width,domain,im_chat,4,0,1,50.0000,25.0000,-25.0000,1.000000,0,1
DeepSeek-V3.2,P4,full_half_width,domain,social_media,4,1,1,25.0000,25.0000,0.0000,1.000000,1,1
DeepSeek-V3.2,P4,full_half_width,intensity,hard,3,0,0,0.0000,0.0000,0.0000,1.000000,0,0
DeepSeek-V3.2,P4,full_half_width,intensity,light,13,2,2,38.4615,38.4615,0.0000,1.000000,2,2
DeepSeek-V3.2,P4,full_half_width,intensity,medium,8,0,0,25.0000,25.0000,0.0000,1.000000,0,0
DeepSeek-V3.2,P4,full_half_width,source_style,chat,8,0,1,62.5000,50.0000,-12.5000,1.000000,0,1
DeepSeek-V3.2,P4,full_half_width,source_style,doc,4,0,0,0.0000,0.0000,0.0000,1.000000,0,0
DeepSeek-V3.2,P4,full_half_width,source_style,form,4,0,0,25.0000,25.0000,0.0000,1.000000,0,0
DeepSeek-V3.2,P4,full_half_width,source_style,mail,4,1,0,0.0000,25.0000,25.0000,1.000000,1,0
DeepSeek-V3.2,P4,full_half_width,source_style,social,4,1,1,25.0000,25.0000,0.0000,1.000000,1,1
DeepSeek-V3.2,P4,full_half_width,target_field,amount,10,0,1,20.0000,10.0000,-10.0000,1.000000,0,1
DeepSeek-V3.2,P4,full_half_width,target_field,company,4,1,0,25.0000,50.0000,25.0000,1.000000,1,0
DeepSeek-V3.2,P4,full_half_width,target_field,date,10,1,1,40.0000,40.0000,0.0000,1.000000,1,1
DeepSeek-V3.2,P4,ocr_confusable,composition,single,24,15,0,20.8333,83.3333,62.5000,0.000061,15,0
DeepSeek-V3.2,P4,ocr_confusable,domain,announcement,4,3,0,0.0000,75.0000,75.0000,0.250000,3,0
DeepSeek-V3.2,P4,ocr_confusable,domain,customer_service,4,1,0,25.0000,50.0000,25.0000,1.000000,1,0
DeepSeek-V3.2,P4,ocr_confusable,domain,email,4,2,0,50.0000,100.0000,50.0000,0.500000,2,0
DeepSeek-V3.2,P4,ocr_confusable,domain,form_ocr,4,3,0,0.0000,75.0000,75.0000,0.250000,3,0
DeepSeek-V3.2,P4,ocr_confusable,domain,im_chat,4,2,0,50.0000,100.0000,50.0000,0.500000,2,0
DeepSeek-V3.2,P4,ocr_confusable,domain,social_media,4,4,0,0.0000,100.0000,100.0000,0.125000,4,0
DeepSeek-V3.2,P4,ocr_confusable,intensity,hard,6,3,0,33.3333,83.3333,50.0000,0.250000,3,0
DeepSeek-V3.2,P4,ocr_confusable,intensity,light,12,7,0,16.6667,75.0000,58.3333,0.015625,7,0
DeepSeek-V3.2,P4,ocr_confusable,intensity,medium,6,5,0,16.6667,100.0000,83.3333,0.062500,5,0
DeepSeek-V3.2,P4,ocr_confusable,source_style,chat,8,3,0,37.5000,75.0000,37.5000,0.250000,3,0
DeepSeek-V3.2,P4,ocr_confusable,source_style,doc,4,3,0,0.0000,75.0000,75.0000,0.250000,3,0
DeepSeek-V3.2,P4,ocr_confusable,source_style,form,4,3,0,0.0000,75.0000,75.0000,0.250000,3,0
DeepSeek-V3.2,P4,ocr_confusable,source_style,mail,4,2,0,50.0000,100.0000,50.0000,0.500000,2,0
DeepSeek-V3.2,P4,ocr_confusable,source_style,social,4,4,0,0.0000,100.0000,100.0000,0.125000,4,0
DeepSeek-V3.2,P4,ocr_confusable,target_field,amount,4,4,0,0.0000,100.0000,100.0000,0.125000,4,0
DeepSeek-V3.2,P4,ocr_confusable,target_field,company,13,8,0,30.7692,92.3077,61.5385,0.007812,8,0
DeepSeek-V3.2,P4,ocr_confusable,target_field,date,7,3,0,14.2857,57.1429,42.8571,0.250000,3,0
DeepSeek-V3.2,P4,simp_trad,composition,single,48,24,0,29.1667,79.1667,50.0000,0.000000,24,0
DeepSeek-V3.2,P4,simp_trad,domain,announcement,8,7,0,0.0000,87.5000,87.5000,0.015625,7,0
DeepSeek-V3.2,P4,simp_trad,domain,customer_service,8,1,0,62.5000,75.0000,12.5000,1.000000,1,0
DeepSeek-V3.2,P4,simp_trad,domain,email,8,2,0,37.5000,62.5000,25.0000,0.500000,2,0
DeepSeek-V3.2,P4,simp_trad,domain,form_ocr,8,5,0,12.5000,75.0000,62.5000,0.062500,5,0
DeepSeek-V3.2,P4,simp_trad,domain,im_chat,8,4,0,50.0000,100.0000,50.0000,0.125000,4,0
DeepSeek-V3.2,P4,simp_trad,domain,social_media,8,5,0,12.5000,75.0000,62.5000,0.062500,5,0
DeepSeek-V3.2,P4,simp_trad,intensity,hard,9,0,0,33.3333,33.3333,0.0000,1.000000,0,0
DeepSeek-V3.2,P4,simp_trad,intensity,light,26,18,0,15.3846,84.6154,69.2308,0.000008,18,0
DeepSeek-V3.2,P4,simp_trad,intensity,medium,13,6,0,53.8462,100.0000,46.1538,0.031250,6,0
DeepSeek-V3.2,P4,simp_trad,source_style,chat,16,5,0,56.2500,87.5000,31.2500,0.062500,5,0
DeepSeek-V3.2,P4,simp_trad,source_style,doc,8,7,0,0.0000,87.5000,87.5000,0.015625,7,0
DeepSeek-V3.2,P4,simp_trad,source_style,form,8,5,0,12.5000,75.0000,62.5000,0.062500,5,0
DeepSeek-V3.2,P4,simp_trad,source_style,mail,8,2,0,37.5000,62.5000,25.0000,0.500000,2,0
DeepSeek-V3.2,P4,simp_trad,source_style,social,8,5,0,12.5000,75.0000,62.5000,0.062500,5,0
DeepSeek-V3.2,P4,simp_trad,target_field,amount,6,0,0,16.6667,16.6667,0.0000,1.000000,0,0
DeepSeek-V3.2,P4,simp_trad,target_field,company,36,22,0,27.7778,88.8889,61.1111,0.000000,22,0
DeepSeek-V3.2,P4,simp_trad,target_field,date,6,2,0,50.0000,83.3333,33.3333,0.500000,2,0
GLM-4.6,P1,full_half_width,composition,single,24,1,0,16.6667,20.8333,4.1667,1.000000,1,0
GLM-4.6,P1,full_half_width,domain,announcement,4,0,0,0.0000,0.0000,0.0000,1.000000,0,0
GLM-4.6,P1,full_half_width,domain,customer_service,4,0,0,75.0000,75.0000,0.0000,1.000000,0,0
GLM-4.6,P1,full_half_width,domain,email,4,0,0,0.0000,0.0000,0.0000,1.000000,0,0
GLM-4.6,P1,full_half_width,domain,form_ocr,4,0,0,0.0000,0.0000,0.0000,1.000000,0,0
GLM-4.6,P1,full_half_width,domain,im_chat,4,1,0,25.0000,50.0000,25.0000,1.000000,1,0
GLM-4.6,P1,full_half_width,domain,social_media,4,0,0,0.0000,0.0000,0.0000,1.000000,0,0
GLM-4.6,P1,full_half_width,intensity,hard,3,0,0,0.0000,0.0000,0.0000,1.000000,0,0
GLM-4.6,P1,full_half_width,intensity,light,13,0,0,23.0769,23.0769,0.0000,1.000000,0,0
GLM-4.6,P1,full_half_width,intensity,medium,8,1,0,12.5000,25.0000,12.5000,1.000000,1,0
GLM-4.6,P1,full_half_width,source_style,chat,8,1,0,50.0000,62.5000,12.5000,1.000000,1,0
GLM-4.6,P1,full_half_width,source_style,doc,4,0,0,0.0000,0.0000,0.0000,1.000000,0,0
GLM-4.6,P1,full_half_width,source_style,form,4,0,0,0.0000,0.0000,0.0000,1.000000,0,0
GLM-4.6,P1,full_half_width,source_style,mail,4,0,0,0.0000,0.0000,0.0000,1.000000,0,0
GLM-4.6,P1,full_half_width,source_style,social,4,0,0,0.0000,0.0000,0.0000,1.000000,0,0
GLM-4.6,P1,full_half_width,target_field,amount,10,0,0,10.0000,10.0000,0.0000,1.000000,0,0
GLM-4.6,P1,full_half_width,target_field,company,4,1,0,25.0000,50.0000,25.0000,1.000000,1,0
GLM-4.6,P1,full_half_width,target_field,date,10,0,0,20.0000,20.0000,0.0000,1.000000,0,0
GLM-4.6,P1,ocr_confusable,composition,single,24,15,0,12.5000,75.0000,62.5000,0.000061,15,0
GLM-4.6,P1,ocr_confusable,domain,announcement,4,3,0,0.0000,75.0000,75.0000,0.250000,3,0
GLM-4.6,P1,ocr_confusable,domain,customer_service,4,1,0,25.0000,50.0000,25.0000,1.000000,1,0
GLM-4.6,P1,ocr_confusable,domain,email,4,2,0,25.0000,75.0000,50.0000,0.500000,2,0
GLM-4.6,P1,ocr_confusable,domain,form_ocr,4,4,0,0.0000,100.0000,100.0000,0.125000,4,0
GLM-4.6,P1,ocr_confusable,domain,im_chat,4,2,0,25.0000,75.0000,50.0000,0.500000,2,0
GLM-4.6,P1,ocr_confusable,domain,social_media,4,3,0,0.0000,75.0000,75.0000,0.250000,3,0
GLM-4.6,P1,ocr_confusable,intensity,hard,6,4,0,33.3333,100.0000,66.6667,0.125000,4,0
GLM-4.6,P1,ocr_confusable,intensity,light,12,6,0,0.0000,50.0000,50.0000,0.031250,6,0
GLM-4.6,P1,ocr_confusable,intensity,medium,6,5,0,16.6667,100.0000,83.3333,0.062500,5,0
GLM-4.6,P1,ocr_confusable,source_style,chat,8,3,0,25.0000,62.5000,37.5000,0.250000,3,0
GLM-4.6,P1,ocr_confusable,source_style,doc,4,3,0,0.0000,75.0000,75.0000,0.250000,3,0
GLM-4.6,P1,ocr_confusable,source_style,form,4,4,0,0.0000,100.0000,100.0000,0.125000,4,0
GLM-4.6,P1,ocr_confusable,source_style,mail,4,2,0,25.0000,75.0000,50.0000,0.500000,2,0
GLM-4.6,P1,ocr_confusable,source_style,social,4,3,0,0.0000,75.0000,75.0000,0.250000,3,0
GLM-4.6,P1,ocr_confusable,target_field,amount,4,4,0,0.0000,100.0000,100.0000,0.125000,4,0
GLM-4.6,P1,ocr_confusable,target_field,company,13,9,0,23.0769,92.3077,69.2308,0.003906,9,0
GLM-4.6,P1,ocr_confusable,target_field,date,7,2,0,0.0000,28.5714,28.5714,0.500000,2,0
GLM-4.6,P1,simp_trad,composition,single,48,29,2,18.7500,75.0000,56.2500,0.000000,29,2
GLM-4.6,P1,simp_trad,domain,announcement,8,7,0,0.0000,87.5000,87.5000,0.015625,7,0
GLM-4.6,P1,simp_trad,domain,customer_service,8,1,2,75.0000,62.5000,-12.5000,1.000000,1,2
GLM-4.6,P1,simp_trad,domain,email,8,3,0,12.5000,50.0000,37.5000,0.250000,3,0
GLM-4.6,P1,simp_trad,domain,form_ocr,8,6,0,0.0000,75.0000,75.0000,0.031250,6,0
GLM-4.6,P1,simp_trad,domain,im_chat,8,5,0,25.0000,87.5000,62.5000,0.062500,5,0
GLM-4.6,P1,simp_trad,domain,social_media,8,7,0,0.0000,87.5000,87.5000,0.015625,7,0
GLM-4.6,P1,simp_trad,intensity,hard,9,1,1,22.2222,22.2222,0.0000,1.000000,1,1
GLM-4.6,P1,simp_trad,intensity,light,26,21,1,11.5385,88.4615,76.9231,0.000011,21,1
GLM-4.6,P1,simp_trad,intensity,medium,13,7,0,30.7692,84.6154,53.8462,0.015625,7,0
GLM-4.6,P1,simp_trad,source_style,chat,16,6,2,50.0000,75.0000,25.0000,0.289062,6,2
GLM-4.6,P1,simp_trad,source_style,doc,8,7,0,0.0000,87.5000,87.5000,0.015625,7,0
GLM-4.6,P1,simp_trad,source_style,form,8,6,0,0.0000,75.0000,75.0000,0.031250,6,0
GLM-4.6,P1,simp_trad,source_style,mail,8,3,0,12.5000,50.0000,37.5000,0.250000,3,0
GLM-4.6,P1,simp_trad,source_style,social,8,7,0,0.0000,87.5000,87.5000,0.015625,7,0
GLM-4.6,P1,simp_trad,target_field,amount,6,0,0,16.6667,16.6667,0.0000,1.000000,0,0
GLM-4.6,P1,simp_trad,target_field,company,36,26,1,19.4444,88.8889,69.4444,0.000000,26,1
GLM-4.6,P1,simp_trad,target_field,date,6,3,1,16.6667,50.0000,33.3333,0.625000,3,1
GLM-4.6,P2,full_half_width,composition,single,24,0,0,12.5000,12.5000,0.0000,1.000000,0,0
GLM-4.6,P2,full_half_width,domain,announcement,4,0,0,0.0000,0.0000,0.0000,1.000000,0,0
GLM-4.6,P2,full_half_width,domain,customer_service,4,0,0,50.0000,50.0000,0.0000,1.000000,0,0
GLM-4.6,P2,full_half_width,domain,email,4,0,0,0.0000,0.0000,0.0000,1.000000,0,0
GLM-4.6,P2,full_half_width,domain,form_ocr,4,0,0,0.0000,0.0000,0.0000,1.000000,0,0
GLM-4.6,P2,full_half_width,domain,im_chat,4,0,0,25.0000,25.0000,0.0000,1.000000,0,0
GLM-4.6,P2,full_half_width,domain,social_media,4,0,0,0.0000,0.0000,0.0000,1.000000,0,0
GLM-4.6,P2,full_half_width,intensity,hard,3,0,0,0.0000,0.0000,0.0000,1.000000,0,0
GLM-4.6,P2,full_half_width,intensity,light,13,0,0,23.0769,23.0769,0.0000,1.000000,0,0
GLM-4.6,P2,full_half_width,intensity,medium,8,0,0,0.0000,0.0000,0.0000,1.000000,0,0
GLM-4.6,P2,full_half_width,source_style,chat,8,0,0,37.5000,37.5000,0.0000,1.000000,0,0
GLM-4.6,P2,full_half_width,source_style,doc,4,0,0,0.0000,0.0000,0.0000,1.000000,0,0
GLM-4.6,P2,full_half_width,source_style,form,4,0,0,0.0000,0.0000,0.0000,1.000000,0,0
GLM-4.6,P2,full_half_width,source_style,mail,4,0,0,0.0000,0.0000,0.0000,1.000000,0,0
GLM-4.6,P2,full_half_width,source_style,social,4,0,0,0.0000,0.0000,0.0000,1.000000,0,0
GLM-4.6,P2,full_half_width,target_field,amount,10,0,0,10.0000,10.0000,0.0000,1.000000,0,0
GLM-4.6,P2,full_half_width,target_field,company,4,0,0,25.0000,25.0000,0.0000,1.000000,0,0
GLM-4.6,P2,full_half_width,target_field,date,10,0,0,10.0000,10.0000,0.0000,1.000000,0,0
GLM-4.6,P2,ocr_confusable,composition,single,24,15,0,16.6667,79.1667,62.5000,0.000061,15,0
GLM-4.6,P2,ocr_confusable,domain,announcement,4,4,0,0.0000,100.0000,100.0000,0.125000,4,0
GLM-4.6,P2,ocr_confusable,domain,customer_service,4,1,0,25.0000,50.0000,25.0000,1.000000,1,0
GLM-4.6,P2,ocr_confusable,domain,email,4,1,0,50.0000,75.0000,25.0000,1.000000,1,0
GLM-4.6,P2,ocr_confusable,domain,form_ocr,4,4,0,0.0000,100.0000,100.0000,0.125000,4,0
GLM-4.6,P2,ocr_confusable,domain,im_chat,4,2,0,25.0000,75.0000,50.0000,0.500000,2,0
GLM-4.6,P2,ocr_confusable,domain,social_media,4,3,0,0.0000,75.0000,75.0000,0.250000,3,0
GLM-4.6,P2,ocr_confusable,intensity,hard,6,4,0,33.3333,100.0000,66.6667,0.125000,4,0
GLM-4.6,P2,ocr_confusable,intensity,light,12,6,0,8.3333,58.3333,50.0000,0.031250,6,0
GLM-4.6,P2,ocr_confusable,intensity,medium,6,5,0,16.6667,100.0000,83.3333,0.062500,5,0
GLM-4.6,P2,ocr_confusable,source_style,chat,8,3,0,25.0000,62.5000,37.5000,0.250000,3,0
GLM-4.6,P2,ocr_confusable,source_style,doc,4,4,0,0.0000,100.0000,100.0000,0.125000,4,0
GLM-4.6,P2,ocr_confusable,source_style,form,4,4,0,0.0000,100.0000,100.0000,0.125000,4,0
GLM-4.6,P2,ocr_confusable,source_style,mail,4,1,0,50.0000,75.0000,25.0000,1.000000,1,0
GLM-4.6,P2,ocr_confusable,source_style,social,4,3,0,0.0000,75.0000,75.0000,0.250000,3,0
GLM-4.6,P2,ocr_confusable,target_field,amount,4,4,0,0.0000,100.0000,100.0000,0.125000,4,0
GLM-4.6,P2,ocr_confusable,target_field,company,13,9,0,30.7692,100.0000,69.2308,0.003906,9,0
GLM-4.6,P2,ocr_confusable,target_field,date,7,2,0,0.0000,28.5714,28.5714,0.500000,2,0
GLM-4.6,P2,simp_trad,composition,single,48,28,0,18.7500,77.0833,58.3333,0.000000,28,0
GLM-4.6,P2,simp_trad,domain,announcement,8,7,0,0.0000,87.5000,87.5000,0.015625,7,0
GLM-4.6,P2,simp_trad,domain,customer_service,8,0,0,62.5000,62.5000,0.0000,1.000000,0,0
GLM-4.6,P2,simp_trad,domain,email,8,3,0,25.0000,62.5000,37.5000,0.250000,3,0
GLM-4.6,P2,simp_trad,domain,form_ocr,8,6,0,0.0000,75.0000,75.0000,0.031250,6,0
GLM-4.6,P2,simp_trad,domain,im_chat,8,5,0,25.0000,87.5000,62.5000,0.062500,5,0
GLM-4.6,P2,simp_trad,domain,social_media,8,7,0,0.0000,87.5000,87.5000,0.015625,7,0
GLM-4.6,P2,simp_trad,intensity,hard,9,1,0,22.2222,33.3333,11.1111,1.000000,1,0
GLM-4.6,P2,simp_trad,intensity,light,26,20,0,7.6923,84.6154,76.9231,0.000002,20,0
GLM-4.6,P2,simp_trad,intensity,medium,13,7,0,38.4615,92.3077,53.8462,0.015625,7,0
GLM-4.6,P2,simp_trad,source_style,chat,16,5,0,43.7500,75.0000,31.2500,0.062500,5,0
GLM-4.6,P2,simp_trad,source_style,doc,8,7,0,0.0000,87.5000,87.5000,0.015625,7,0
GLM-4.6,P2,simp_trad,source_style,form,8,6,0,0.0000,75.0000,75.0000,0.031250,6,0
GLM-4.6,P2,simp_trad,source_style,mail,8,3,0,25.0000,62.5000,37.5000,0.250000,3,0
GLM-4.6,P2,simp_trad,source_style,social,8,7,0,0.0000,87.5000,87.5000,0.015625,7,0
GLM-4.6,P2,simp_trad,target_field,amount,6,0,0,16.6667,16.6667,0.0000,1.000000,0,0
GLM-4.6,P2,simp_trad,target_field,company,36,25,0,19.4444,88.8889,69.4444,0.000000,25,0
GLM-4.6,P2,simp_trad,target_field,date,6,3,0,16.6667,66.6667,50.0000,0.250000,3,0
GLM-4.6,P3,full_half_width,composition,single,24,3,0,12.5000,25.0000,12.5000,0.250000,3,0
GLM-4.6,P3,full_half_width,domain,announcement,4,0,0,0.0000,0.0000,0.0000,1.000000,0,0
GLM-4.6,P3,full_half_width,domain,customer_service,4,1,0,50.0000,75.0000,25.0000,1.000000,1,0
GLM-4.6,P3,full_half_width,domain,email,4,0,0,0.0000,0.0000,0.0000,1.000000,0,0
GLM-4.6,P3,full_half_width,domain,form_ocr,4,0,0,0.0000,0.0000,0.0000,1.000000,0,0
GLM-4.6,P3,full_half_width,domain,im_chat,4,1,0,25.0000,50.0000,25.0000,1.000000,1,0
GLM-4.6,P3,full_half_width,domain,social_media,4,1,0,0.0000,25.0000,25.0000,1.000000,1,0
GLM-4.6,P3,full_half_width,intensity,hard,3,0,0,0.0000,0.0000,0.0000,1.000000,0,0
GLM-4.6,P3,full_half_width,intensity,light,13,2,0,15.3846,30.7692,15.3846,0.500000,2,0
GLM-4.6,P3,full_half_width,intensity,medium,8,1,0,12.5000,25.0000,12.5000,1.000000,1,0
GLM-4.6,P3,full_half_width,source_style,chat,8,2,0,37.5000,62.5000,25.0000,0.500000,2,0
GLM-4.6,P3,full_half_width,source_style,doc,4,0,0,0.0000,0.0000,0.0000,1.000000,0,0
GLM-4.6,P3,full_half_width,source_style,form,4,0,0,0.0000,0.0000,0.0000,1.000000,0,0
GLM-4.6,P3,full_half_width,source_style,mail,4,0,0,0.0000,0.0000,0.0000,1.000000,0,0
GLM-4.6,P3,full_half_width,source_style,social,4,1,0,0.0000,25.0000,25.0000,1.000000,1,0
GLM-4.6,P3,full_half_width,target_field,amount,10,1,0,0.0000,10.0000,10.0000,1.000000,1,0
GLM-4.6,P3,full_half_width,target_field,company,4,1,0,25.0000,50.0000,25.0000,1.000000,1,0
GLM-4.6,P3,full_half_width,target_field,date,10,1,0,20.0000,30.0000,10.0000,1.000000,1,0
GLM-4.6,P3,ocr_confusable,composition,single,24,13,0,16.6667,70.8333,54.1667,0.000244,13,0
GLM-4.6,P3,ocr_confusable,domain,announcement,4,2,0,0.0000,50.0000,50.0000,0.500000,2,0
GLM-4.6,P3,ocr_confusable,domain,customer_service,4,2,0,25.0000,75.0000,50.0000,0.500000,2,0
GLM-4.6,P3,ocr_confusable,domain,email,4,2,0,25.0000,75.0000,50.0000,0.500000,2,0
GLM-4.6,P3,ocr_confusable,domain,form_ocr,4,2,0,25.0000,75.0000,50.0000,0.500000,2,0
GLM-4.6,P3,ocr_confusable,domain,im_chat,4,2,0,25.0000,75.0000,50.0000,0.500000,2,0
GLM-4.6,P3,ocr_confusable,domain,social_media,4,3,0,0.0000,75.0000,75.0000,0.250000,3,0
GLM-4.6,P3,ocr_confusable,intensity,hard,6,3,0,33.3333,83.3333,50.0000,0.250000,3,0
GLM-4.6,P3,ocr_confusable,intensity,light,12,6,0,0.0000,50.0000,50.0000,0.031250,6,0
GLM-4.6,P3,ocr_confusable,intensity,medium,6,4,0,33.3333,100.0000,66.6667,0.125000,4,0
GLM-4.6,P3,ocr_confusable,source_style,chat,8,4,0,25.0000,75.0000,50.0000,0.125000,4,0
GLM-4.6,P3,ocr_confusable,source_style,doc,4,2,0,0.0000,50.0000,50.0000,0.500000,2,0
GLM-4.6,P3,ocr_confusable,source_style,form,4,2,0,25.0000,75.0000,50.0000,0.500000,2,0
GLM-4.6,P3,ocr_confusable,source_style,mail,4,2,0,25.0000,75.0000,50.0000,0.500000,2,0
GLM-4.6,P3,ocr_confusable,source_style,social,4,3,0,0.0000,75.0000,75.0000,0.250000,3,0
GLM-4.6,P3,ocr_confusable,target_field,amount,4,4,0,0.0000,100.0000,100.0000,0.125000,4,0
GLM-4.6,P3,ocr_confusable,target_field,company,13,8,0,30.7692,92.3077,61.5385,0.007812,8,0
GLM-4.6,P3,ocr_confusable,target_field,date,7,1,0,0.0000,14.2857,14.2857,1.000000,1,0
GLM-4.6,P3,simp_trad,composition,single,48,27,0,20.8333,77.0833,56.2500,0.000000,27,0
GLM-4.6,P3,simp_trad,domain,announcement,8,7,0,0.0000,87.5000,87.5000,0.015625,7,0
GLM-4.6,P3,simp_trad,domain,customer_service,8,1,0,62.5000,75.0000,12.5000,1.000000,1,0
GLM-4.6,P3,simp_trad,domain,email,8,2,0,25.0000,50.0000,25.0000,0.500000,2,0
GLM-4.6,P3,simp_trad,domain,form_ocr,8,6,0,0.0000,75.0000,75.0000,0.031250,6,0
GLM-4.6,P3,simp_trad,domain,im_chat,8,4,0,37.5000,87.5000,50.0000,0.125000,4,0
GLM-4.6,P3,simp_trad,domain,social_media,8,7,0,0.0000,87.5000,87.5000,0.015625,7,0
GLM-4.6,P3,simp_trad,intensity,hard,9,1,0,22.2222,33.3333,11.1111,1.000000,1,0
GLM-4.6,P3,simp_trad,intensity,light,26,19,0,15.3846,88.4615,73.0769,0.000004,19,0
GLM-4.6,P3,simp_trad,intensity,medium,13,7,0,30.7692,84.6154,53.8462,0.015625,7,0
GLM-4.6,P3,simp_trad,source_style,chat,16,5,0,50.0000,81.2500,31.2500,0.062500,5,0
GLM-4.6,P3,simp_trad,source_style,doc,8,7,0,0.0000,87.5000,87.5000,0.015625,7,0
GLM-4.6,P3,simp_trad,source_style,form,8,6,0,0.0000,75.0000,75.0000,0.031250,6,0
GLM-4.6,P3,simp_trad,source_style,mail,8,2,0,25.0000,50.0000,25.0000,0.500000,2,0
GLM-4.6,P3,simp_trad,source_style,social,8,7,0,0.0000,87.5000,87.5000,0.015625,7,0
GLM-4.6,P3,simp_trad,target_field,amount,6,0,0,16.6667,16.6667,0.0000,1.000000,0,0
GLM-4.6,P3,simp_trad,target_field,company,36,24,0,22.2222,88.8889,66.6667,0.000000,24,0
GLM-4.6,P3,simp_trad,target_field,date,6,3,0,16.6667,66.6667,50.0000,0.250000,3,0
GLM-4.6,P4,full_half_width,composition,single,24,2,0,16.6667,25.0000,8.3333,0.500000,2,0
GLM-4.6,P4,full_half_width,domain,announcement,4,1,0,0.0000,25.0000,25.0000,1.000000,1,0
GLM-4.6,P4,full_half_width,domain,customer_service,4,0,0,75.0000,75.0000,0.0000,1.000000,0,0
GLM-4.6,P4,full_half_width,domain,email,4,0,0,0.0000,0.0000,0.0000,1.000000,0,0
GLM-4.6,P4,full_half_width,domain,form_ocr,4,0,0,0.0000,0.0000,0.0000,1.000000,0,0
GLM-4.6,P4,full_half_width,domain,im_chat,4,0,0,25.0000,25.0000,0.0000,1.000000,0,0
GLM-4.6,P4,full_half_width,domain,social_media,4,1,0,0.0000,25.0000,25.0000,1.000000,1,0
GLM-4.6,P4,full_half_width,intensity,hard,3,0,0,0.0000,0.0000,0.0000,1.000000,0,0
GLM-4.6,P4,full_half_width,intensity,light,13,1,0,23.0769,30.7692,7.6923,1.000000,1,0
GLM-4.6,P4,full_half_width,intensity,medium,8,1,0,12.5000,25.0000,12.5000,1.000000,1,0
GLM-4.6,P4,full_half_width,source_style,chat,8,0,0,50.0000,50.0000,0.0000,1.000000,0,0
GLM-4.6,P4,full_half_width,source_style,doc,4,1,0,0.0000,25.0000,25.0000,1.000000,1,0
GLM-4.6,P4,full_half_width,source_style,form,4,0,0,0.0000,0.0000,0.0000,1.000000,0,0
GLM-4.6,P4,full_half_width,source_style,mail,4,0,0,0.0000,0.0000,0.0000,1.000000,0,0
GLM-4.6,P4,full_half_width,source_style,social,4,1,0,0.0000,25.0000,25.0000,1.000000,1,0
GLM-4.6,P4,full_half_width,target_field,amount,10,1,0,10.0000,20.0000,10.0000,1.000000,1,0
GLM-4.6,P4,full_half_width,target_field,company,4,0,0,25.0000,25.0000,0.0000,1.000000,0,0
GLM-4.6,P4,full_half_width,target_field,date,10,1,0,20.0000,30.0000,10.0000,1.000000,1,0
GLM-4.6,P4,ocr_confusable,composition,single,24,15,1,16.6667,75.0000,58.3333,0.000519,15,1
GLM-4.6,P4,ocr_confusable,domain,announcement,4,2,0,0.0000,50.0000,50.0000,0.500000,2,0
GLM-4.6,P4,ocr_confusable,domain,customer_service,4,1,1,50.0000,50.0000,0.0000,1.000000,1,1
GLM-4.6,P4,ocr_confusable,domain,email,4,3,0,0.0000,75.0000,75.0000,0.250000,3,0
GLM-4.6,P4,ocr_confusable,domain,form_ocr,4,4,0,0.0000,100.0000,100.0000,0.125000,4,0
GLM-4.6,P4,ocr_confusable,domain,im_chat,4,2,0,25.0000,75.0000,50.0000,0.500000,2,0
GLM-4.6,P4,ocr_confusable,domain,social_media,4,3,0,25.0000,100.0000,75.0000,0.250000,3,0
GLM-4.6,P4,ocr_confusable,intensity,hard,6,5,0,16.6667,100.0000,83.3333,0.062500,5,0
GLM-4.6,P4,ocr_confusable,intensity,light,12,5,1,16.6667,50.0000,33.3333,0.218750,5,1
GLM-4.6,P4,ocr_confusable,intensity,medium,6,5,0,16.6667,100.0000,83.3333,0.062500,5,0
GLM-4.6,P4,ocr_confusable,source_style,chat,8,3,1,37.5000,62.5000,25.0000,0.625000,3,1
GLM-4.6,P4,ocr_confusable,source_style,doc,4,2,0,0.0000,50.0000,50.0000,0.500000,2,0
GLM-4.6,P4,ocr_confusable,source_style,form,4,4,0,0.0000,100.0000,100.0000,0.125000,4,0
GLM-4.6,P4,ocr_confusable,source_style,mail,4,3,0,0.0000,75.0000,75.0000,0.250000,3,0
GLM-4.6,P4,ocr_confusable,source_style,social,4,3,0,25.0000,100.0000,75.0000,0.250000,3,0
GLM-4.6,P4,ocr_confusable,target_field,amount,4,4,0,0.0000,100.0000,100.0000,0.125000,4,0
GLM-4.6,P4,ocr_confusable,target_field,company,13,9,0,23.0769,92.3077,69.2308,0.003906,9,0
GLM-4.6,P4,ocr_confusable,target_field,date,7,2,1,14.2857,28.5714,14.2857,1.000000,2,1
GLM-4.6,P4,simp_trad,composition,single,48,29,0,16.6667,77.0833,60.4167,0.000000,29,0
GLM-4.6,P4,simp_trad,domain,announcement,8,7,0,0.0000,87.5000,87.5000,0.015625,7,0
GLM-4.6,P4,simp_trad,domain,customer_service,8,1,0,75.0000,87.5000,12.5000,1.000000,1,0
GLM-4.6,P4,simp_trad,domain,email,8,3,0,0.0000,37.5000,37.5000,0.250000,3,0
GLM-4.6,P4,simp_trad,domain,form_ocr,8,6,0,0.0000,75.0000,75.0000,0.031250,6,0
GLM-4.6,P4,simp_trad,domain,im_chat,8,5,0,25.0000,87.5000,62.5000,0.062500,5,0
GLM-4.6,P4,simp_trad,domain,social_media,8,7,0,0.0000,87.5000,87.5000,0.015625,7,0
GLM-4.6,P4,simp_trad,intensity,hard,9,1,0,22.2222,33.3333,11.1111,1.000000,1,0
GLM-4.6,P4,simp_trad,intensity,light,26,21,0,11.5385,92.3077,80.7692,0.000001,21,0
GLM-4.6,P4,simp_trad,intensity,medium,13,7,0,23.0769,76.9231,53.8462,0.015625,7,0
GLM-4.6,P4,simp_trad,source_style,chat,16,6,0,50.0000,87.5000,37.5000,0.031250,6,0
GLM-4.6,P4,simp_trad,source_style,doc,8,7,0,0.0000,87.5000,87.5000,0.015625,7,0
GLM-4.6,P4,simp_trad,source_style,form,8,6,0,0.0000,75.0000,75.0000,0.031250,6,0
GLM-4.6,P4,simp_trad,source_style,mail,8,3,0,0.0000,37.5000,37.5000,0.250000,3,0
GLM-4.6,P4,simp_trad,source_style,social,8,7,0,0.0000,87.5000,87.5000,0.015625,7,0
GLM-4.6,P4,simp_trad,target_field,amount,6,0,0,16.6667,16.6667,0.0000,1.000000,0,0
GLM-4.6,P4,simp_trad,target_field,company,36,26,0,16.6667,88.8889,72.2222,0.000000,26,0
GLM-4.6,P4,simp_trad,target_field,date,6,3,0,16.6667,66.6667,50.0000,0.250000,3,0
Qwen3-235B-A22B-Instruct-2507,P1,full_half_width,composition,single,24,1,0,8.3333,12.5000,4.1667,1.000000,1,0
Qwen3-235B-A22B-Instruct-2507,P1,full_half_width,domain,announcement,4,0,0,0.0000,0.0000,0.0000,1.000000,0,0
Qwen3-235B-A22B-Instruct-2507,P1,full_half_width,domain,customer_service,4,0,0,50.0000,50.0000,0.0000,1.000000,0,0
Qwen3-235B-A22B-Instruct-2507,P1,full_half_width,domain,email,4,0,0,0.0000,0.0000,0.0000,1.000000,0,0
Qwen3-235B-A22B-Instruct-2507,P1,full_half_width,domain,form_ocr,4,0,0,0.0000,0.0000,0.0000,1.000000,0,0
Qwen3-235B-A22B-Instruct-2507,P1,full_half_width,domain,im_chat,4,1,0,0.0000,25.0000,25.0000,1.000000,1,0
Qwen3-235B-A22B-Instruct-2507,P1,full_half_width,domain,social_media,4,0,0,0.0000,0.0000,0.0000,1.000000,0,0
Qwen3-235B-A22B-Instruct-2507,P1,full_half_width,intensity,hard,3,0,0,0.0000,0.0000,0.0000,1.000000,0,0
Qwen3-235B-A22B-Instruct-2507,P1,full_half_width,intensity,light,13,1,0,15.3846,23.0769,7.6923,1.000000,1,0
Qwen3-235B-A22B-Instruct-2507,P1,full_half_width,intensity,medium,8,0,0,0.0000,0.0000,0.0000,1.000000,0,0
Qwen3-235B-A22B-Instruct-2507,P1,full_half_width,source_style,chat,8,1,0,25.0000,37.5000,12.5000,1.000000,1,0
Qwen3-235B-A22B-Instruct-2507,P1,full_half_width,source_style,doc,4,0,0,0.0000,0.0000,0.0000,1.000000,0,0
Qwen3-235B-A22B-Instruct-2507,P1,full_half_width,source_style,form,4,0,0,0.0000,0.0000,0.0000,1.000000,0,0
Qwen3-235B-A22B-Instruct-2507,P1,full_half_width,source_style,mail,4,0,0,0.0000,0.0000,0.0000,1.000000,0,0
Qwen3-235B-A22B-Instruct-2507,P1,full_half_width,source_style,social,4,0,0,0.0000,0.0000,0.0000,1.000000,0,0
Qwen3-235B-A22B-Instruct-2507,P1,full_half_width,target_field,amount,10,0,0,10.0000,10.0000,0.0000,1.000000,0,0
Qwen3-235B-A22B-Instruct-2507,P1,full_half_width,target_field,company,4,1,0,0.0000,25.0000,25.0000,1.000000,1,0
Qwen3-235B-A22B-Instruct-2507,P1,full_half_width,target_field,date,10,0,0,10.0000,10.0000,0.0000,1.000000,0,0
Qwen3-235B-A22B-Instruct-2507,P1,ocr_confusable,composition,single,24,19,0,0.0000,79.1667,79.1667,0.000004,19,0
Qwen3-235B-A22B-Instruct-2507,P1,ocr_confusable,domain,announcement,4,4,0,0.0000,100.0000,100.0000,0.125000,4,0
Qwen3-235B-A22B-Instruct-2507,P1,ocr_confusable,domain,customer_service,4,2,0,0.0000,50.0000,50.0000,0.500000,2,0
Qwen3-235B-A22B-Instruct-2507,P1,ocr_confusable,domain,email,4,3,0,0.0000,75.0000,75.0000,0.250000,3,0
Qwen3-235B-A22B-Instruct-2507,P1,ocr_confusable,domain,form_ocr,4,3,0,0.0000,75.0000,75.0000,0.250000,3,0
Qwen3-235B-A22B-Instruct-2507,P1,ocr_confusable,domain,im_chat,4,3,0,0.0000,75.0000,75.0000,0.250000,3,0
Qwen3-235B-A22B-Instruct-2507,P1,ocr_confusable,domain,social_media,4,4,0,0.0000,100.0000,100.0000,0.125000,4,0
Qwen3-235B-A22B-Instruct-2507,P1,ocr_confusable,intensity,hard,6,5,0,0.0000,83.3333,83.3333,0.062500,5,0
Qwen3-235B-A22B-Instruct-2507,P1,ocr_confusable,intensity,light,12,8,0,0.0000,66.6667,66.6667,0.007812,8,0
Qwen3-235B-A22B-Instruct-2507,P1,ocr_confusable,intensity,medium,6,6,0,0.0000,100.0000,100.0000,0.031250,6,0
Qwen3-235B-A22B-Instruct-2507,P1,ocr_confusable,source_style,chat,8,5,0,0.0000,62.5000,62.5000,0.062500,5,0
Qwen3-235B-A22B-Instruct-2507,P1,ocr_confusable,source_style,doc,4,4,0,0.0000,100.0000,100.0000,0.125000,4,0
Qwen3-235B-A22B-Instruct-2507,P1,ocr_confusable,source_style,form,4,3,0,0.0000,75.0000,75.0000,0.250000,3,0
Qwen3-235B-A22B-Instruct-2507,P1,ocr_confusable,source_style,mail,4,3,0,0.0000,75.0000,75.0000,0.250000,3,0
Qwen3-235B-A22B-Instruct-2507,P1,ocr_confusable,source_style,social,4,4,0,0.0000,100.0000,100.0000,0.125000,4,0
Qwen3-235B-A22B-Instruct-2507,P1,ocr_confusable,target_field,amount,4,4,0,0.0000,100.0000,100.0000,0.125000,4,0
Qwen3-235B-A22B-Instruct-2507,P1,ocr_confusable,target_field,company,13,13,0,0.0000,100.0000,100.0000,0.000244,13,0
Qwen3-235B-A22B-Instruct-2507,P1,ocr_confusable,target_field,date,7,2,0,0.0000,28.5714,28.5714,0.500000,2,0
Qwen3-235B-A22B-Instruct-2507,P1,simp_trad,composition,single,48,28,0,8.3333,66.6667,58.3333,0.000000,28,0
Qwen3-235B-A22B-Instruct-2507,P1,simp_trad,domain,announcement,8,7,0,0.0000,87.5000,87.5000,0.015625,7,0
Qwen3-235B-A22B-Instruct-2507,P1,simp_trad,domain,customer_service,8,0,0,50.0000,50.0000,0.0000,1.000000,0,0
Qwen3-235B-A22B-Instruct-2507,P1,simp_trad,domain,email,8,3,0,0.0000,37.5000,37.5000,0.250000,3,0
Qwen3-235B-A22B-Instruct-2507,P1,simp_trad,domain,form_ocr,8,6,0,0.0000,75.0000,75.0000,0.031250,6,0
Qwen3-235B-A22B-Instruct-2507,P1,simp_trad,domain,im_chat,8,5,0,0.0000,62.5000,62.5000,0.062500,5,0
Qwen3-235B-A22B-Instruct-2507,P1,simp_trad,domain,social_media,8,7,0,0.0000,87.5000,87.5000,0.015625,7,0
Qwen3-235B-A22B-Instruct-2507,P1,simp_trad,intensity,hard,9,1,0,22.2222,33.3333,11.1111,1.000000,1,0
Qwen3-235B-A22B-Instruct-2507,P1,simp_trad,intensity,light,26,20,0,0.0000,76.9231,76.9231,0.000002,20,0
Qwen3-235B-A22B-Instruct-2507,P1,simp_trad,intensity,medium,13,7,0,15.3846,69.2308,53.8462,0.015625,7,0
Qwen3-235B-A22B-Instruct-2507,P1,simp_trad,source_style,chat,16,5,0,25.0000,56.2500,31.2500,0.062500,5,0
Qwen3-235B-A22B-Instruct-2507,P1,simp_trad,source_style,doc,8,7,0,0.0000,87.5000,87.5000,0.015625,7,0
Qwen3-235B-A22B-Instruct-2507,P1,simp_trad,source_style,form,8,6,0,0.0000,75.0000,75.0000,0.031250,6,0
Qwen3-235B-A22B-Instruct-2507,P1,simp_trad,source_style,mail,8,3,0,0.0000,37.5000,37.5000,0.250000,3,0
Qwen3-235B-A22B-Instruct-2507,P1,simp_trad,source_style,social,8,7,0,0.0000,87.5000,87.5000,0.015625,7,0
Qwen3-235B-A22B-Instruct-2507,P1,simp_trad,target_field,amount,6,0,0,16.6667,16.6667,0.0000,1.000000,0,0
Qwen3-235B-A22B-Instruct-2507,P1,simp_trad,target_field,company,36,25,0,5.5556,75.0000,69.4444,0.000000,25,0
Qwen3-235B-A22B-Instruct-2507,P1,simp_trad,target_field,date,6,3,0,16.6667,66.6667,50.0000,0.250000,3,0
Qwen3-235B-A22B-Instruct-2507,P2,full_half_width,composition,single,24,0,0,12.5000,12.5000,0.0000,1.000000,0,0
Qwen3-235B-A22B-Instruct-2507,P2,full_half_width,domain,announcement,4,0,0,0.0000,0.0000,0.0000,1.000000,0,0
Qwen3-235B-A22B-Instruct-2507,P2,full_half_width,domain,customer_service,4,0,0,50.0000,50.0000,0.0000,1.000000,0,0
Qwen3-235B-A22B-Instruct-2507,P2,full_half_width,domain,email,4,0,0,0.0000,0.0000,0.0000,1.000000,0,0
Qwen3-235B-A22B-Instruct-2507,P2,full_half_width,domain,form_ocr,4,0,0,0.0000,0.0000,0.0000,1.000000,0,0
Qwen3-235B-A22B-Instruct-2507,P2,full_half_width,domain,im_chat,4,0,0,25.0000,25.0000,0.0000,1.000000,0,0
Qwen3-235B-A22B-Instruct-2507,P2,full_half_width,domain,social_media,4,0,0,0.0000,0.0000,0.0000,1.000000,0,0
Qwen3-235B-A22B-Instruct-2507,P2,full_half_width,intensity,hard,3,0,0,0.0000,0.0000,0.0000,1.000000,0,0
Qwen3-235B-A22B-Instruct-2507,P2,full_half_width,intensity,light,13,0,0,23.0769,23.0769,0.0000,1.000000,0,0
Qwen3-235B-A22B-Instruct-2507,P2,full_half_width,intensity,medium,8,0,0,0.0000,0.0000,0.0000,1.000000,0,0
Qwen3-235B-A22B-Instruct-2507,P2,full_half_width,source_style,chat,8,0,0,37.5000,37.5000,0.0000,1.000000,0,0
Qwen3-235B-A22B-Instruct-2507,P2,full_half_width,source_style,doc,4,0,0,0.0000,0.0000,0.0000,1.000000,0,0
Qwen3-235B-A22B-Instruct-2507,P2,full_half_width,source_style,form,4,0,0,0.0000,0.0000,0.0000,1.000000,0,0
Qwen3-235B-A22B-Instruct-2507,P2,full_half_width,source_style,mail,4,0,0,0.0000,0.0000,0.0000,1.000000,0,0
Qwen3-235B-A22B-Instruct-2507,P2,full_half_width,source_style,social,4,0,0,0.0000,0.0000,0.0000,1.000000,0,0
Qwen3-235B-A22B-Instruct-2507,P2,full_half_width,target_field,amount,10,0,0,10.0000,10.0000,0.0000,1.000000,0,0
Qwen3-235B-A22B-Instruct-2507,P2,full_half_width,target_field,company,4,0,0,25.0000,25.0000,0.0000,1.000000,0,0
Qwen3-235B-A22B-Instruct-2507,P2,full_half_width,target_field,date,10,0,0,10.0000,10.0000,0.0000,1.000000,0,0
Qwen3-235B-A22B-Instruct-2507,P2,ocr_confusable,composition,single,24,19,0,0.0000,79.1667,79.1667,0.000004,19,0
Qwen3-235B-A22B-Instruct-2507,P2,ocr_confusable,domain,announcement,4,4,0,0.0000,100.0000,100.0000,0.125000,4,0
Qwen3-235B-A22B-Instruct-2507,P2,ocr_confusable,domain,customer_service,4,2,0,0.0000,50.0000,50.0000,0.500000,2,0
Qwen3-235B-A22B-Instruct-2507,P2,ocr_confusable,domain,email,4,3,0,0.0000,75.0000,75.0000,0.250000,3,0
Qwen3-235B-A22B-Instruct-2507,P2,ocr_confusable,domain,form_ocr,4,3,0,0.0000,75.0000,75.0000,0.250000,3,0
Qwen3-235B-A22B-Instruct-2507,P2,ocr_confusable,domain,im_chat,4,3,0,0.0000,75.0000,75.0000,0.250000,3,0
Qwen3-235B-A22B-Instruct-2507,P2,ocr_confusable,domain,social_media,4,4,0,0.0000,100.0000,100.0000,0.125000,4,0
Qwen3-235B-A22B-Instruct-2507,P2,ocr_confusable,intensity,hard,6,5,0,0.0000,83.3333,83.3333,0.062500,5,0
Qwen3-235B-A22B-Instruct-2507,P2,ocr_confusable,intensity,light,12,8,0,0.0000,66.6667,66.6667,0.007812,8,0
Qwen3-235B-A22B-Instruct-2507,P2,ocr_confusable,intensity,medium,6,6,0,0.0000,100.0000,100.0000,0.031250,6,0
Qwen3-235B-A22B-Instruct-2507,P2,ocr_confusable,source_style,chat,8,5,0,0.0000,62.5000,62.5000,0.062500,5,0
Qwen3-235B-A22B-Instruct-2507,P2,ocr_confusable,source_style,doc,4,4,0,0.0000,100.0000,100.0000,0.125000,4,0
Qwen3-235B-A22B-Instruct-2507,P2,ocr_confusable,source_style,form,4,3,0,0.0000,75.0000,75.0000,0.250000,3,0
Qwen3-235B-A22B-Instruct-2507,P2,ocr_confusable,source_style,mail,4,3,0,0.0000,75.0000,75.0000,0.250000,3,0
Qwen3-235B-A22B-Instruct-2507,P2,ocr_confusable,source_style,social,4,4,0,0.0000,100.0000,100.0000,0.125000,4,0
Qwen3-235B-A22B-Instruct-2507,P2,ocr_confusable,target_field,amount,4,4,0,0.0000,100.0000,100.0000,0.125000,4,0
Qwen3-235B-A22B-Instruct-2507,P2,ocr_confusable,target_field,company,13,13,0,0.0000,100.0000,100.0000,0.000244,13,0
Qwen3-235B-A22B-Instruct-2507,P2,ocr_confusable,target_field,date,7,2,0,0.0000,28.5714,28.5714,0.500000,2,0
Qwen3-235B-A22B-Instruct-2507,P2,simp_trad,composition,single,48,28,0,10.4167,68.7500,58.3333,0.000000,28,0
Qwen3-235B-A22B-Instruct-2507,P2,simp_trad,domain,announcement,8,7,0,0.0000,87.5000,87.5000,0.015625,7,0
Qwen3-235B-A22B-Instruct-2507,P2,simp_trad,domain,customer_service,8,0,0,50.0000,50.0000,0.0000,1.000000,0,0
Qwen3-235B-A22B-Instruct-2507,P2,simp_trad,domain,email,8,3,0,0.0000,37.5000,37.5000,0.250000,3,0
Qwen3-235B-A22B-Instruct-2507,P2,simp_trad,domain,form_ocr,8,6,0,0.0000,75.0000,75.0000,0.031250,6,0
Qwen3-235B-A22B-Instruct-2507,P2,simp_trad,domain,im_chat,8,5,0,12.5000,75.0000,62.5000,0.062500,5,0
Qwen3-235B-A22B-Instruct-2507,P2,simp_trad,domain,social_media,8,7,0,0.0000,87.5000,87.5000,0.015625,7,0
Qwen3-235B-A22B-Instruct-2507,P2,simp_trad,intensity,hard,9,1,0,22.2222,33.3333,11.1111,1.000000,1,0
Qwen3-235B-A22B-Instruct-2507,P2,simp_trad,intensity,light,26,20,0,0.0000,76.9231,76.9231,0.000002,20,0
Qwen3-235B-A22B-Instruct-2507,P2,simp_trad,intensity,medium,13,7,0,23.0769,76.9231,53.8462,0.015625,7,0
Qwen3-235B-A22B-Instruct-2507,P2,simp_trad,source_style,chat,16,5,0,31.2500,62.5000,31.2500,0.062500,5,0
Qwen3-235B-A22B-Instruct-2507,P2,simp_trad,source_style,doc,8,7,0,0.0000,87.5000,87.5000,0.015625,7,0
Qwen3-235B-A22B-Instruct-2507,P2,simp_trad,source_style,form,8,6,0,0.0000,75.0000,75.0000,0.031250,6,0
Qwen3-235B-A22B-Instruct-2507,P2,simp_trad,source_style,mail,8,3,0,0.0000,37.5000,37.5000,0.250000,3,0
Qwen3-235B-A22B-Instruct-2507,P2,simp_trad,source_style,social,8,7,0,0.0000,87.5000,87.5000,0.015625,7,0
Qwen3-235B-A22B-Instruct-2507,P2,simp_trad,target_field,amount,6,0,0,16.6667,16.6667,0.0000,1.000000,0,0
Qwen3-235B-A22B-Instruct-2507,P2,simp_trad,target_field,company,36,25,0,8.3333,77.7778,69.4444,0.000000,25,0
Qwen3-235B-A22B-Instruct-2507,P2,simp_trad,target_field,date,6,3,0,16.6667,66.6667,50.0000,0.250000,3,0
Qwen3-235B-A22B-Instruct-2507,P3,full_half_width,composition,single,24,1,1,12.5000,12.5000,0.0000,1.000000,1,1
Qwen3-235B-A22B-Instruct-2507,P3,full_half_width,domain,announcement,4,0,0,0.0000,0.0000,0.0000,1.000000,0,0
Qwen3-235B-A22B-Instruct-2507,P3,full_half_width,domain,customer_service,4,0,0,50.0000,50.0000,0.0000,1.000000,0,0
Qwen3-235B-A22B-Instruct-2507,P3,full_half_width,domain,email,4,1,0,0.0000,25.0000,25.0000,1.000000,1,0
Qwen3-235B-A22B-Instruct-2507,P3,full_half_width,domain,form_ocr,4,0,0,0.0000,0.0000,0.0000,1.000000,0,0
Qwen3-235B-A22B-Instruct-2507,P3,full_half_width,domain,im_chat,4,0,1,25.0000,0.0000,-25.0000,1.000000,0,1
Qwen3-235B-A22B-Instruct-2507,P3,full_half_width,domain,social_media,4,0,0,0.0000,0.0000,0.0000,1.000000,0,0
Qwen3-235B-A22B-Instruct-2507,P3,full_half_width,intensity,hard,3,0,0,0.0000,0.0000,0.0000,1.000000,0,0
Qwen3-235B-A22B-Instruct-2507,P3,full_half_width,intensity,light,13,1,0,15.3846,23.0769,7.6923,1.000000,1,0
Qwen3-235B-A22B-Instruct-2507,P3,full_half_width,intensity,medium,8,0,1,12.5000,0.0000,-12.5000,1.000000,0,1
Qwen3-235B-A22B-Instruct-2507,P3,full_half_width,source_style,chat,8,0,1,37.5000,25.0000,-12.5000,1.000000,0,1
Qwen3-235B-A22B-Instruct-2507,P3,full_half_width,source_style,doc,4,0,0,0.0000,0.0000,0.0000,1.000000,0,0
Qwen3-235B-A22B-Instruct-2507,P3,full_half_width,source_style,form,4,0,0,0.0000,0.0000,0.0000,1.000000,0,0
Qwen3-235B-A22B-Instruct-2507,P3,full_half_width,source_style,mail,4,1,0,0.0000,25.0000,25.0000,1.000000,1,0
Qwen3-235B-A22B-Instruct-2507,P3,full_half_width,source_style,social,4,0,0,0.0000,0.0000,0.0000,1.000000,0,0
Qwen3-235B-A22B-Instruct-2507,P3,full_half_width,target_field,amount,10,0,0,10.0000,10.0000,0.0000,1.000000,0,0
Qwen3-235B-A22B-Instruct-2507,P3,full_half_width,target_field,company,4,0,1,25.0000,0.0000,-25.0000,1.000000,0,1
Qwen3-235B-A22B-Instruct-2507,P3,full_half_width,target_field,date,10,1,0,10.0000,20.0000,10.0000,1.000000,1,0
Qwen3-235B-A22B-Instruct-2507,P3,ocr_confusable,composition,single,24,16,0,12.5000,79.1667,66.6667,0.000031,16,0
Qwen3-235B-A22B-Instruct-2507,P3,ocr_confusable,domain,announcement,4,3,0,0.0000,75.0000,75.0000,0.250000,3,0
Qwen3-235B-A22B-Instruct-2507,P3,ocr_confusable,domain,customer_service,4,2,0,25.0000,75.0000,50.0000,0.500000,2,0
Qwen3-235B-A22B-Instruct-2507,P3,ocr_confusable,domain,email,4,3,0,0.0000,75.0000,75.0000,0.250000,3,0
Qwen3-235B-A22B-Instruct-2507,P3,ocr_confusable,domain,form_ocr,4,3,0,0.0000,75.0000,75.0000,0.250000,3,0
Qwen3-235B-A22B-Instruct-2507,P3,ocr_confusable,domain,im_chat,4,2,0,50.0000,100.0000,50.0000,0.500000,2,0
Qwen3-235B-A22B-Instruct-2507,P3,ocr_confusable,domain,social_media,4,3,0,0.0000,75.0000,75.0000,0.250000,3,0
Qwen3-235B-A22B-Instruct-2507,P3,ocr_confusable,intensity,hard,6,5,0,0.0000,83.3333,83.3333,0.062500,5,0
Qwen3-235B-A22B-Instruct-2507,P3,ocr_confusable,intensity,light,12,6,0,16.6667,66.6667,50.0000,0.031250,6,0
Qwen3-235B-A22B-Instruct-2507,P3,ocr_confusable,intensity,medium,6,5,0,16.6667,100.0000,83.3333,0.062500,5,0
Qwen3-235B-A22B-Instruct-2507,P3,ocr_confusable,source_style,chat,8,4,0,37.5000,87.5000,50.0000,0.125000,4,0
Qwen3-235B-A22B-Instruct-2507,P3,ocr_confusable,source_style,doc,4,3,0,0.0000,75.0000,75.0000,0.250000,3,0
Qwen3-235B-A22B-Instruct-2507,P3,ocr_confusable,source_style,form,4,3,0,0.0000,75.0000,75.0000,0.250000,3,0
Qwen3-235B-A22B-Instruct-2507,P3,ocr_confusable,source_style,mail,4,3,0,0.0000,75.0000,75.0000,0.250000,3,0
Qwen3-235B-A22B-Instruct-2507,P3,ocr_confusable,source_style,social,4,3,0,0.0000,75.0000,75.0000,0.250000,3,0
Qwen3-235B-A22B-Instruct-2507,P3,ocr_confusable,target_field,amount,4,4,0,0.0000,100.0000,100.0000,0.125000,4,0
Qwen3-235B-A22B-Instruct-2507,P3,ocr_confusable,target_field,company,13,11,0,7.6923,92.3077,84.6154,0.000977,11,0
Qwen3-235B-A22B-Instruct-2507,P3,ocr_confusable,target_field,date,7,1,0,28.5714,42.8571,14.2857,1.000000,1,0
Qwen3-235B-A22B-Instruct-2507,P3,simp_trad,composition,single,48,26,0,12.5000,66.6667,54.1667,0.000000,26,0
Qwen3-235B-A22B-Instruct-2507,P3,simp_trad,domain,announcement,8,7,0,0.0000,87.5000,87.5000,0.015625,7,0
Qwen3-235B-A22B-Instruct-2507,P3,simp_trad,domain,customer_service,8,0,0,50.0000,50.0000,0.0000,1.000000,0,0
Qwen3-235B-A22B-Instruct-2507,P3,simp_trad,domain,email,8,2,0,0.0000,25.0000,25.0000,0.500000,2,0
Qwen3-235B-A22B-Instruct-2507,P3,simp_trad,domain,form_ocr,8,6,0,0.0000,75.0000,75.0000,0.031250,6,0
Qwen3-235B-A22B-Instruct-2507,P3,simp_trad,domain,im_chat,8,4,0,25.0000,75.0000,50.0000,0.125000,4,0
Qwen3-235B-A22B-Instruct-2507,P3,simp_trad,domain,social_media,8,7,0,0.0000,87.5000,87.5000,0.015625,7,0
Qwen3-235B-A22B-Instruct-2507,P3,simp_trad,intensity,hard,9,1,0,22.2222,33.3333,11.1111,1.000000,1,0
Qwen3-235B-A22B-Instruct-2507,P3,simp_trad,intensity,light,26,19,0,7.6923,80.7692,73.0769,0.000004,19,0
Qwen3-235B-A22B-Instruct-2507,P3,simp_trad,intensity,medium,13,6,0,15.3846,61.5385,46.1538,0.031250,6,0
Qwen3-235B-A22B-Instruct-2507,P3,simp_trad,source_style,chat,16,4,0,37.5000,62.5000,25.0000,0.125000,4,0
Qwen3-235B-A22B-Instruct-2507,P3,simp_trad,source_style,doc,8,7,0,0.0000,87.5000,87.5000,0.015625,7,0
Qwen3-235B-A22B-Instruct-2507,P3,simp_trad,source_style,form,8,6,0,0.0000,75.0000,75.0000,0.031250,6,0
Qwen3-235B-A22B-Instruct-2507,P3,simp_trad,source_style,mail,8,2,0,0.0000,25.0000,25.0000,0.500000,2,0
Qwen3-235B-A22B-Instruct-2507,P3,simp_trad,source_style,social,8,7,0,0.0000,87.5000,87.5000,0.015625,7,0
Qwen3-235B-A22B-Instruct-2507,P3,simp_trad,target_field,amount,6,0,0,16.6667,16.6667,0.0000,1.000000,0,0
Qwen3-235B-A22B-Instruct-2507,P3,simp_trad,target_field,company,36,23,0,11.1111,75.0000,63.8889,0.000000,23,0
Qwen3-235B-A22B-Instruct-2507,P3,simp_trad,target_field,date,6,3,0,16.6667,66.6667,50.0000,0.250000,3,0
Qwen3-235B-A22B-Instruct-2507,P4,full_half_width,composition,single,24,0,0,12.5000,12.5000,0.0000,1.000000,0,0
Qwen3-235B-A22B-Instruct-2507,P4,full_half_width,domain,announcement,4,0,0,0.0000,0.0000,0.0000,1.000000,0,0
Qwen3-235B-A22B-Instruct-2507,P4,full_half_width,domain,customer_service,4,0,0,50.0000,50.0000,0.0000,1.000000,0,0
Qwen3-235B-A22B-Instruct-2507,P4,full_half_width,domain,email,4,0,0,0.0000,0.0000,0.0000,1.000000,0,0
Qwen3-235B-A22B-Instruct-2507,P4,full_half_width,domain,form_ocr,4,0,0,0.0000,0.0000,0.0000,1.000000,0,0
Qwen3-235B-A22B-Instruct-2507,P4,full_half_width,domain,im_chat,4,0,0,25.0000,25.0000,0.0000,1.000000,0,0
Qwen3-235B-A22B-Instruct-2507,P4,full_half_width,domain,social_media,4,0,0,0.0000,0.0000,0.0000,1.000000,0,0
Qwen3-235B-A22B-Instruct-2507,P4,full_half_width,intensity,hard,3,0,0,0.0000,0.0000,0.0000,1.000000,0,0
Qwen3-235B-A22B-Instruct-2507,P4,full_half_width,intensity,light,13,0,0,23.0769,23.0769,0.0000,1.000000,0,0
Qwen3-235B-A22B-Instruct-2507,P4,full_half_width,intensity,medium,8,0,0,0.0000,0.0000,0.0000,1.000000,0,0
Qwen3-235B-A22B-Instruct-2507,P4,full_half_width,source_style,chat,8,0,0,37.5000,37.5000,0.0000,1.000000,0,0
Qwen3-235B-A22B-Instruct-2507,P4,full_half_width,source_style,doc,4,0,0,0.0000,0.0000,0.0000,1.000000,0,0
Qwen3-235B-A22B-Instruct-2507,P4,full_half_width,source_style,form,4,0,0,0.0000,0.0000,0.0000,1.000000,0,0
Qwen3-235B-A22B-Instruct-2507,P4,full_half_width,source_style,mail,4,0,0,0.0000,0.0000,0.0000,1.000000,0,0
Qwen3-235B-A22B-Instruct-2507,P4,full_half_width,source_style,social,4,0,0,0.0000,0.0000,0.0000,1.000000,0,0
Qwen3-235B-A22B-Instruct-2507,P4,full_half_width,target_field,amount,10,0,0,10.0000,10.0000,0.0000,1.000000,0,0
Qwen3-235B-A22B-Instruct-2507,P4,full_half_width,target_field,company,4,0,0,25.0000,25.0000,0.0000,1.000000,0,0
Qwen3-235B-A22B-Instruct-2507,P4,full_half_width,target_field,date,10,0,0,10.0000,10.0000,0.0000,1.000000,0,0
Qwen3-235B-A22B-Instruct-2507,P4,ocr_confusable,composition,single,24,18,0,4.1667,79.1667,75.0000,0.000008,18,0
Qwen3-235B-A22B-Instruct-2507,P4,ocr_confusable,domain,announcement,4,4,0,0.0000,100.0000,100.0000,0.125000,4,0
Qwen3-235B-A22B-Instruct-2507,P4,ocr_confusable,domain,customer_service,4,2,0,0.0000,50.0000,50.0000,0.500000,2,0
Qwen3-235B-A22B-Instruct-2507,P4,ocr_confusable,domain,email,4,3,0,0.0000,75.0000,75.0000,0.250000,3,0
Qwen3-235B-A22B-Instruct-2507,P4,ocr_confusable,domain,form_ocr,4,3,0,0.0000,75.0000,75.0000,0.250000,3,0
Qwen3-235B-A22B-Instruct-2507,P4,ocr_confusable,domain,im_chat,4,3,0,25.0000,100.0000,75.0000,0.250000,3,0
Qwen3-235B-A22B-Instruct-2507,P4,ocr_confusable,domain,social_media,4,3,0,0.0000,75.0000,75.0000,0.250000,3,0
Qwen3-235B-A22B-Instruct-2507,P4,ocr_confusable,intensity,hard,6,5,0,0.0000,83.3333,83.3333,0.062500,5,0
Qwen3-235B-A22B-Instruct-2507,P4,ocr_confusable,intensity,light,12,7,0,8.3333,66.6667,58.3333,0.015625,7,0
Qwen3-235B-A22B-Instruct-2507,P4,ocr_confusable,intensity,medium,6,6,0,0.0000,100.0000,100.0000,0.031250,6,0
Qwen3-235B-A22B-Instruct-2507,P4,ocr_confusable,source_style,chat,8,5,0,12.5000,75.0000,62.5000,0.062500,5,0
Qwen3-235B-A22B-Instruct-2507,P4,ocr_confusable,source_style,doc,4,4,0,0.0000,100.0000,100.0000,0.125000,4,0
Qwen3-235B-A22B-Instruct-2507,P4,ocr_confusable,source_style,form,4,3,0,0.0000,75.0000,75.0000,0.250000,3,0
Qwen3-235B-A22B-Instruct-2507,P4,ocr_confusable,source_style,mail,4,3,0,0.0000,75.0000,75.0000,0.250000,3,0
Qwen3-235B-A22B-Instruct-2507,P4,ocr_confusable,source_style,social,4,3,0,0.0000,75.0000,75.0000,0.250000,3,0
Qwen3-235B-A22B-Instruct-2507,P4,ocr_confusable,target_field,amount,4,4,0,0.0000,100.0000,100.0000,0.125000,4,0
Qwen3-235B-A22B-Instruct-2507,P4,ocr_confusable,target_field,company,13,13,0,0.0000,100.0000,100.0000,0.000244,13,0
Qwen3-235B-A22B-Instruct-2507,P4,ocr_confusable,target_field,date,7,1,0,14.2857,28.5714,14.2857,1.000000,1,0
Qwen3-235B-A22B-Instruct-2507,P4,simp_trad,composition,single,48,28,0,10.4167,68.7500,58.3333,0.000000,28,0
Qwen3-235B-A22B-Instruct-2507,P4,simp_trad,domain,announcement,8,7,0,0.0000,87.5000,87.5000,0.015625,7,0
Qwen3-235B-A22B-Instruct-2507,P4,simp_trad,domain,customer_service,8,0,0,50.0000,50.0000,0.0000,1.000000,0,0
Qwen3-235B-A22B-Instruct-2507,P4,simp_trad,domain,email,8,3,0,0.0000,37.5000,37.5000,0.250000,3,0
Qwen3-235B-A22B-Instruct-2507,P4,simp_trad,domain,form_ocr,8,6,0,0.0000,75.0000,75.0000,0.031250,6,0
Qwen3-235B-A22B-Instruct-2507,P4,simp_trad,domain,im_chat,8,5,0,12.5000,75.0000,62.5000,0.062500,5,0
Qwen3-235B-A22B-Instruct-2507,P4,simp_trad,domain,social_media,8,7,0,0.0000,87.5000,87.5000,0.015625,7,0
Qwen3-235B-A22B-Instruct-2507,P4,simp_trad,intensity,hard,9,1,0,22.2222,33.3333,11.1111,1.000000,1,0
Qwen3-235B-A22B-Instruct-2507,P4,simp_trad,intensity,light,26,20,0,0.0000,76.9231,76.9231,0.000002,20,0
Qwen3-235B-A22B-Instruct-2507,P4,simp_trad,intensity,medium,13,7,0,23.0769,76.9231,53.8462,0.015625,7,0
Qwen3-235B-A22B-Instruct-2507,P4,simp_trad,source_style,chat,16,5,0,31.2500,62.5000,31.2500,0.062500,5,0
Qwen3-235B-A22B-Instruct-2507,P4,simp_trad,source_style,doc,8,7,0,0.0000,87.5000,87.5000,0.015625,7,0
Qwen3-235B-A22B-Instruct-2507,P4,simp_trad,source_style,form,8,6,0,0.0000,75.0000,75.0000,0.031250,6,0
Qwen3-235B-A22B-Instruct-2507,P4,simp_trad,source_style,mail,8,3,0,0.0000,37.5000,37.5000,0.250000,3,0
Qwen3-235B-A22B-Instruct-2507,P4,simp_trad,source_style,social,8,7,0,0.0000,87.5000,87.5000,0.015625,7,0
Qwen3-235B-A22B-Instruct-2507,P4,simp_trad,target_field,amount,6,0,0,16.6667,16.6667,0.0000,1.000000,0,0
Qwen3-235B-A22B-Instruct-2507,P4,simp_trad,target_field,company,36,25,0,8.3333,77.7778,69.4444,0.000000,25,0
Qwen3-235B-A22B-Instruct-2507,P4,simp_trad,target_field,date,6,3,0,16.6667,66.6667,50.0000,0.250000,3,0
gemini-3-flash,P1,full_half_width,composition,single,16,0,0,12.5000,12.5000,0.0000,1.000000,0,0
gemini-3-flash,P1,full_half_width,domain,announcement,0,0,0,0.0000,0.0000,0.0000,1.000000,0,0
gemini-3-flash,P1,full_half_width,domain,customer_service,2,0,0,50.0000,50.0000,0.0000,1.000000,0,0
gemini-3-flash,P1,full_half_width,domain,email,4,0,0,0.0000,0.0000,0.0000,1.000000,0,0
gemini-3-flash,P1,full_half_width,domain,form_ocr,3,0,0,0.0000,0.0000,0.0000,1.000000,0,0
gemini-3-flash,P1,full_half_width,domain,im_chat,3,0,0,33.3333,33.3333,0.0000,1.000000,0,0
gemini-3-flash,P1,full_half_width,domain,social_media,4,0,0,0.0000,0.0000,0.0000,1.000000,0,0
gemini-3-flash,P1,full_half_width,intensity,hard,3,0,0,0.0000,0.0000,0.0000,1.000000,0,0
gemini-3-flash,P1,full_half_width,intensity,light,9,0,0,22.2222,22.2222,0.0000,1.000000,0,0
gemini-3-flash,P1,full_half_width,intensity,medium,4,0,0,0.0000,0.0000,0.0000,1.000000,0,0
gemini-3-flash,P1,full_half_width,source_style,chat,5,0,0,40.0000,40.0000,0.0000,1.000000,0,0
gemini-3-flash,P1,full_half_width,source_style,doc,0,0,0,0.0000,0.0000,0.0000,1.000000,0,0
gemini-3-flash,P1,full_half_width,source_style,form,3,0,0,0.0000,0.0000,0.0000,1.000000,0,0
gemini-3-flash,P1,full_half_width,source_style,mail,4,0,0,0.0000,0.0000,0.0000,1.000000,0,0
gemini-3-flash,P1,full_half_width,source_style,social,4,0,0,0.0000,0.0000,0.0000,1.000000,0,0
gemini-3-flash,P1,full_half_width,target_field,amount,2,0,0,0.0000,0.0000,0.0000,1.000000,0,0
gemini-3-flash,P1,full_half_width,target_field,company,4,0,0,25.0000,25.0000,0.0000,1.000000,0,0
gemini-3-flash,P1,full_half_width,target_field,date,10,0,0,10.0000,10.0000,0.0000,1.000000,0,0
gemini-3-flash,P1,ocr_confusable,composition,single,19,14,0,5.2632,78.9474,73.6842,0.000122,14,0
gemini-3-flash,P1,ocr_confusable,domain,announcement,3,2,0,0.0000,66.6667,66.6667,0.500000,2,0
gemini-3-flash,P1,ocr_confusable,domain,customer_service,3,2,0,0.0000,66.6667,66.6667,0.500000,2,0
gemini-3-flash,P1,ocr_confusable,domain,email,3,2,0,0.0000,66.6667,66.6667,0.500000,2,0
gemini-3-flash,P1,ocr_confusable,domain,form_ocr,3,3,0,0.0000,100.0000,100.0000,0.250000,3,0
gemini-3-flash,P1,ocr_confusable,domain,im_chat,4,2,0,25.0000,75.0000,50.0000,0.500000,2,0
gemini-3-flash,P1,ocr_confusable,domain,social_media,3,3,0,0.0000,100.0000,100.0000,0.250000,3,0
gemini-3-flash,P1,ocr_confusable,intensity,hard,4,4,0,0.0000,100.0000,100.0000,0.125000,4,0
gemini-3-flash,P1,ocr_confusable,intensity,light,9,5,0,0.0000,55.5556,55.5556,0.062500,5,0
gemini-3-flash,P1,ocr_confusable,intensity,medium,6,5,0,16.6667,100.0000,83.3333,0.062500,5,0
gemini-3-flash,P1,ocr_confusable,source_style,chat,7,4,0,14.2857,71.4286,57.1429,0.125000,4,0
gemini-3-flash,P1,ocr_confusable,source_style,doc,3,2,0,0.0000,66.6667,66.6667,0.500000,2,0
gemini-3-flash,P1,ocr_confusable,source_style,form,3,3,0,0.0000,100.0000,100.0000,0.250000,3,0
gemini-3-flash,P1,ocr_confusable,source_style,mail,3,2,0,0.0000,66.6667,66.6667,0.500000,2,0
gemini-3-flash,P1,ocr_confusable,source_style,social,3,3,0,0.0000,100.0000,100.0000,0.250000,3,0
gemini-3-flash,P1,ocr_confusable,target_field,amount,4,4,0,0.0000,100.0000,100.0000,0.125000,4,0
gemini-3-flash,P1,ocr_confusable,target_field,company,12,10,0,8.3333,91.6667,83.3333,0.001953,10,0
gemini-3-flash,P1,ocr_confusable,target_field,date,3,0,0,0.0000,0.0000,0.0000,1.000000,0,0
gemini-3-flash,P1,simp_trad,composition,single,46,27,0,13.0435,71.7391,58.6957,0.000000,27,0
gemini-3-flash,P1,simp_trad,domain,announcement,8,7,0,0.0000,87.5000,87.5000,0.015625,7,0
gemini-3-flash,P1,simp_trad,domain,customer_service,7,0,0,57.1429,57.1429,0.0000,1.000000,0,0
gemini-3-flash,P1,simp_trad,domain,email,7,2,0,0.0000,28.5714,28.5714,0.500000,2,0
gemini-3-flash,P1,simp_trad,domain,form_ocr,8,6,0,0.0000,75.0000,75.0000,0.031250,6,0
gemini-3-flash,P1,simp_trad,domain,im_chat,8,5,0,25.0000,87.5000,62.5000,0.062500,5,0
gemini-3-flash,P1,simp_trad,domain,social_media,8,7,0,0.0000,87.5000,87.5000,0.015625,7,0
gemini-3-flash,P1,simp_trad,intensity,hard,9,1,0,22.2222,33.3333,11.1111,1.000000,1,0
gemini-3-flash,P1,simp_trad,intensity,light,25,20,0,4.0000,84.0000,80.0000,0.000002,20,0
gemini-3-flash,P1,simp_trad,intensity,medium,12,6,0,25.0000,75.0000,50.0000,0.031250,6,0
gemini-3-flash,P1,simp_trad,source_style,chat,15,5,0,40.0000,73.3333,33.3333,0.062500,5,0
gemini-3-flash,P1,simp_trad,source_style,doc,8,7,0,0.0000,87.5000,87.5000,0.015625,7,0
gemini-3-flash,P1,simp_trad,source_style,form,8,6,0,0.0000,75.0000,75.0000,0.031250,6,0
gemini-3-flash,P1,simp_trad,source_style,mail,7,2,0,0.0000,28.5714,28.5714,0.500000,2,0
gemini-3-flash,P1,simp_trad,source_style,social,8,7,0,0.0000,87.5000,87.5000,0.015625,7,0
gemini-3-flash,P1,simp_trad,target_field,amount,6,0,0,16.6667,16.6667,0.0000,1.000000,0,0
gemini-3-flash,P1,simp_trad,target_field,company,34,24,0,11.7647,82.3529,70.5882,0.000000,24,0
gemini-3-flash,P1,simp_trad,target_field,date,6,3,0,16.6667,66.6667,50.0000,0.250000,3,0
gemini-3-flash,P2,full_half_width,composition,single,23,0,0,4.3478,4.3478,0.0000,1.000000,0,0
gemini-3-flash,P2,full_half_width,domain,announcement,4,0,0,0.0000,0.0000,0.0000,1.000000,0,0
gemini-3-flash,P2,full_half_width,domain,customer_service,3,0,0,0.0000,0.0000,0.0000,1.000000,0,0
gemini-3-flash,P2,full_half_width,domain,email,4,0,0,0.0000,0.0000,0.0000,1.000000,0,0
gemini-3-flash,P2,full_half_width,domain,form_ocr,4,0,0,0.0000,0.0000,0.0000,1.000000,0,0
gemini-3-flash,P2,full_half_width,domain,im_chat,4,0,0,25.0000,25.0000,0.0000,1.000000,0,0
gemini-3-flash,P2,full_half_width,domain,social_media,4,0,0,0.0000,0.0000,0.0000,1.000000,0,0
gemini-3-flash,P2,full_half_width,intensity,hard,3,0,0,0.0000,0.0000,0.0000,1.000000,0,0
gemini-3-flash,P2,full_half_width,intensity,light,12,0,0,8.3333,8.3333,0.0000,1.000000,0,0
gemini-3-flash,P2,full_half_width,intensity,medium,8,0,0,0.0000,0.0000,0.0000,1.000000,0,0
gemini-3-flash,P2,full_half_width,source_style,chat,7,0,0,14.2857,14.2857,0.0000,1.000000,0,0
gemini-3-flash,P2,full_half_width,source_style,doc,4,0,0,0.0000,0.0000,0.0000,1.000000,0,0
gemini-3-flash,P2,full_half_width,source_style,form,4,0,0,0.0000,0.0000,0.0000,1.000000,0,0
gemini-3-flash,P2,full_half_width,source_style,mail,4,0,0,0.0000,0.0000,0.0000,1.000000,0,0
gemini-3-flash,P2,full_half_width,source_style,social,4,0,0,0.0000,0.0000,0.0000,1.000000,0,0
gemini-3-flash,P2,full_half_width,target_field,amount,10,0,0,0.0000,0.0000,0.0000,1.000000,0,0
gemini-3-flash,P2,full_half_width,target_field,company,4,0,0,25.0000,25.0000,0.0000,1.000000,0,0
gemini-3-flash,P2,full_half_width,target_field,date,9,0,0,0.0000,0.0000,0.0000,1.000000,0,0
gemini-3-flash,P2,ocr_confusable,composition,single,23,13,0,13.0435,69.5652,56.5217,0.000244,13,0
gemini-3-flash,P2,ocr_confusable,domain,announcement,3,1,0,0.0000,33.3333,33.3333,1.000000,1,0
gemini-3-flash,P2,ocr_confusable,domain,customer_service,4,2,0,25.0000,75.0000,50.0000,0.500000,2,0
gemini-3-flash,P2,ocr_confusable,domain,email,4,2,0,25.0000,75.0000,50.0000,0.500000,2,0
gemini-3-flash,P2,ocr_confusable,domain,form_ocr,4,3,0,0.0000,75.0000,75.0000,0.250000,3,0
gemini-3-flash,P2,ocr_confusable,domain,im_chat,4,2,0,25.0000,75.0000,50.0000,0.500000,2,0
gemini-3-flash,P2,ocr_confusable,domain,social_media,4,3,0,0.0000,75.0000,75.0000,0.250000,3,0
gemini-3-flash,P2,ocr_confusable,intensity,hard,6,4,0,16.6667,83.3333,66.6667,0.125000,4,0
gemini-3-flash,P2,ocr_confusable,intensity,light,12,5,0,8.3333,50.0000,41.6667,0.062500,5,0
gemini-3-flash,P2,ocr_confusable,intensity,medium,5,4,0,20.0000,100.0000,80.0000,0.125000,4,0
gemini-3-flash,P2,ocr_confusable,source_style,chat,8,4,0,25.0000,75.0000,50.0000,0.125000,4,0
gemini-3-flash,P2,ocr_confusable,source_style,doc,3,1,0,0.0000,33.3333,33.3333,1.000000,1,0
gemini-3-flash,P2,ocr_confusable,source_style,form,4,3,0,0.0000,75.0000,75.0000,0.250000,3,0
gemini-3-flash,P2,ocr_confusable,source_style,mail,4,2,0,25.0000,75.0000,50.0000,0.500000,2,0
gemini-3-flash,P2,ocr_confusable,source_style,social,4,3,0,0.0000,75.0000,75.0000,0.250000,3,0
gemini-3-flash,P2,ocr_confusable,target_field,amount,3,3,0,0.0000,100.0000,100.0000,0.250000,3,0
gemini-3-flash,P2,ocr_confusable,target_field,company,13,10,0,15.3846,92.3077,76.9231,0.001953,10,0
gemini-3-flash,P2,ocr_confusable,target_field,date,7,0,0,14.2857,14.2857,0.0000,1.000000,0,0
gemini-3-flash,P2,simp_trad,composition,single,48,27,0,12.5000,68.7500,56.2500,0.000000,27,0
gemini-3-flash,P2,simp_trad,domain,announcement,8,7,0,0.0000,87.5000,87.5000,0.015625,7,0
gemini-3-flash,P2,simp_trad,domain,customer_service,8,0,0,50.0000,50.0000,0.0000,1.000000,0,0
gemini-3-flash,P2,simp_trad,domain,email,8,2,0,0.0000,25.0000,25.0000,0.500000,2,0
gemini-3-flash,P2,simp_trad,domain,form_ocr,8,6,0,0.0000,75.0000,75.0000,0.031250,6,0
gemini-3-flash,P2,simp_trad,domain,im_chat,8,5,0,25.0000,87.5000,62.5000,0.062500,5,0
gemini-3-flash,P2,simp_trad,domain,social_media,8,7,0,0.0000,87.5000,87.5000,0.015625,7,0
gemini-3-flash,P2,simp_trad,intensity,hard,9,1,0,22.2222,33.3333,11.1111,1.000000,1,0
gemini-3-flash,P2,simp_trad,intensity,light,26,20,0,3.8462,80.7692,76.9231,0.000002,20,0
gemini-3-flash,P2,simp_trad,intensity,medium,13,6,0,23.0769,69.2308,46.1538,0.031250,6,0
gemini-3-flash,P2,simp_trad,source_style,chat,16,5,0,37.5000,68.7500,31.2500,0.062500,5,0
gemini-3-flash,P2,simp_trad,source_style,doc,8,7,0,0.0000,87.5000,87.5000,0.015625,7,0
gemini-3-flash,P2,simp_trad,source_style,form,8,6,0,0.0000,75.0000,75.0000,0.031250,6,0
gemini-3-flash,P2,simp_trad,source_style,mail,8,2,0,0.0000,25.0000,25.0000,0.500000,2,0
gemini-3-flash,P2,simp_trad,source_style,social,8,7,0,0.0000,87.5000,87.5000,0.015625,7,0
gemini-3-flash,P2,simp_trad,target_field,amount,6,0,0,16.6667,16.6667,0.0000,1.000000,0,0
gemini-3-flash,P2,simp_trad,target_field,company,36,24,0,11.1111,77.7778,66.6667,0.000000,24,0
gemini-3-flash,P2,simp_trad,target_field,date,6,3,0,16.6667,66.6667,50.0000,0.250000,3,0
gemini-3-flash,P3,full_half_width,composition,single,24,0,0,8.3333,8.3333,0.0000,1.000000,0,0
gemini-3-flash,P3,full_half_width,domain,announcement,4,0,0,0.0000,0.0000,0.0000,1.000000,0,0
gemini-3-flash,P3,full_half_width,domain,customer_service,4,0,0,25.0000,25.0000,0.0000,1.000000,0,0
gemini-3-flash,P3,full_half_width,domain,email,4,0,0,0.0000,0.0000,0.0000,1.000000,0,0
gemini-3-flash,P3,full_half_width,domain,form_ocr,4,0,0,0.0000,0.0000,0.0000,1.000000,0,0
gemini-3-flash,P3,full_half_width,domain,im_chat,4,0,0,25.0000,25.0000,0.0000,1.000000,0,0
gemini-3-flash,P3,full_half_width,domain,social_media,4,0,0,0.0000,0.0000,0.0000,1.000000,0,0
gemini-3-flash,P3,full_half_width,intensity,hard,3,0,0,0.0000,0.0000,0.0000,1.000000,0,0
gemini-3-flash,P3,full_half_width,intensity,light,13,0,0,15.3846,15.3846,0.0000,1.000000,0,0
gemini-3-flash,P3,full_half_width,intensity,medium,8,0,0,0.0000,0.0000,0.0000,1.000000,0,0
gemini-3-flash,P3,full_half_width,source_style,chat,8,0,0,25.0000,25.0000,0.0000,1.000000,0,0
gemini-3-flash,P3,full_half_width,source_style,doc,4,0,0,0.0000,0.0000,0.0000,1.000000,0,0
gemini-3-flash,P3,full_half_width,source_style,form,4,0,0,0.0000,0.0000,0.0000,1.000000,0,0
gemini-3-flash,P3,full_half_width,source_style,mail,4,0,0,0.0000,0.0000,0.0000,1.000000,0,0
gemini-3-flash,P3,full_half_width,source_style,social,4,0,0,0.0000,0.0000,0.0000,1.000000,0,0
gemini-3-flash,P3,full_half_width,target_field,amount,10,0,0,0.0000,0.0000,0.0000,1.000000,0,0
gemini-3-flash,P3,full_half_width,target_field,company,4,0,0,25.0000,25.0000,0.0000,1.000000,0,0
gemini-3-flash,P3,full_half_width,target_field,date,10,0,0,10.0000,10.0000,0.0000,1.000000,0,0
gemini-3-flash,P3,ocr_confusable,composition,single,24,15,0,8.3333,70.8333,62.5000,0.000061,15,0
gemini-3-flash,P3,ocr_confusable,domain,announcement,4,2,0,0.0000,50.0000,50.0000,0.500000,2,0
gemini-3-flash,P3,ocr_confusable,domain,customer_service,4,2,0,0.0000,50.0000,50.0000,0.500000,2,0
gemini-3-flash,P3,ocr_confusable,domain,email,4,3,0,0.0000,75.0000,75.0000,0.250000,3,0
gemini-3-flash,P3,ocr_confusable,domain,form_ocr,4,3,0,0.0000,75.0000,75.0000,0.250000,3,0
gemini-3-flash,P3,ocr_confusable,domain,im_chat,4,2,0,50.0000,100.0000,50.0000,0.500000,2,0
gemini-3-flash,P3,ocr_confusable,domain,social_media,4,3,0,0.0000,75.0000,75.0000,0.250000,3,0
gemini-3-flash,P3,ocr_confusable,intensity,hard,6,5,0,0.0000,83.3333,83.3333,0.062500,5,0
gemini-3-flash,P3,ocr_confusable,intensity,light,12,5,0,8.3333,50.0000,41.6667,0.062500,5,0
gemini-3-flash,P3,ocr_confusable,intensity,medium,6,5,0,16.6667,100.0000,83.3333,0.062500,5,0
gemini-3-flash,P3,ocr_confusable,source_style,chat,8,4,0,25.0000,75.0000,50.0000,0.125000,4,0
gemini-3-flash,P3,ocr_confusable,source_style,doc,4,2,0,0.0000,50.0000,50.0000,0.500000,2,0
gemini-3-flash,P3,ocr_confusable,source_style,form,4,3,0,0.0000,75.0000,75.0000,0.250000,3,0
gemini-3-flash,P3,ocr_confusable,source_style,mail,4,3,0,0.0000,75.0000,75.0000,0.250000,3,0
gemini-3-flash,P3,ocr_confusable,source_style,social,4,3,0,0.0000,75.0000,75.0000,0.250000,3,0
gemini-3-flash,P3,ocr_confusable,target_field,amount,4,4,0,0.0000,100.0000,100.0000,0.125000,4,0
gemini-3-flash,P3,ocr_confusable,target_field,company,13,11,0,7.6923,92.3077,84.6154,0.000977,11,0
gemini-3-flash,P3,ocr_confusable,target_field,date,7,0,0,14.2857,14.2857,0.0000,1.000000,0,0
gemini-3-flash,P3,simp_trad,composition,single,48,27,0,12.5000,68.7500,56.2500,0.000000,27,0
gemini-3-flash,P3,simp_trad,domain,announcement,8,7,0,0.0000,87.5000,87.5000,0.015625,7,0
gemini-3-flash,P3,simp_trad,domain,customer_service,8,1,0,37.5000,50.0000,12.5000,1.000000,1,0
gemini-3-flash,P3,simp_trad,domain,email,8,2,0,0.0000,25.0000,25.0000,0.500000,2,0
gemini-3-flash,P3,simp_trad,domain,form_ocr,8,6,0,0.0000,75.0000,75.0000,0.031250,6,0
gemini-3-flash,P3,simp_trad,domain,im_chat,8,4,0,37.5000,87.5000,50.0000,0.125000,4,0
gemini-3-flash,P3,simp_trad,domain,social_media,8,7,0,0.0000,87.5000,87.5000,0.015625,7,0
gemini-3-flash,P3,simp_trad,intensity,hard,9,1,0,22.2222,33.3333,11.1111,1.000000,1,0
gemini-3-flash,P3,simp_trad,intensity,light,26,19,0,7.6923,80.7692,73.0769,0.000004,19,0
gemini-3-flash,P3,simp_trad,intensity,medium,13,7,0,15.3846,69.2308,53.8462,0.015625,7,0
gemini-3-flash,P3,simp_trad,source_style,chat,16,5,0,37.5000,68.7500,31.2500,0.062500,5,0
gemini-3-flash,P3,simp_trad,source_style,doc,8,7,0,0.0000,87.5000,87.5000,0.015625,7,0
gemini-3-flash,P3,simp_trad,source_style,form,8,6,0,0.0000,75.0000,75.0000,0.031250,6,0
gemini-3-flash,P3,simp_trad,source_style,mail,8,2,0,0.0000,25.0000,25.0000,0.500000,2,0
gemini-3-flash,P3,simp_trad,source_style,social,8,7,0,0.0000,87.5000,87.5000,0.015625,7,0
gemini-3-flash,P3,simp_trad,target_field,amount,6,0,0,16.6667,16.6667,0.0000,1.000000,0,0
gemini-3-flash,P3,simp_trad,target_field,company,36,24,0,11.1111,77.7778,66.6667,0.000000,24,0
gemini-3-flash,P3,simp_trad,target_field,date,6,3,0,16.6667,66.6667,50.0000,0.250000,3,0
gemini-3-flash,P4,full_half_width,composition,single,23,0,0,8.6957,8.6957,0.0000,1.000000,0,0
gemini-3-flash,P4,full_half_width,domain,announcement,3,0,0,0.0000,0.0000,0.0000,1.000000,0,0
gemini-3-flash,P4,full_half_width,domain,customer_service,4,0,0,25.0000,25.0000,0.0000,1.000000,0,0
gemini-3-flash,P4,full_half_width,domain,email,4,0,0,0.0000,0.0000,0.0000,1.000000,0,0
gemini-3-flash,P4,full_half_width,domain,form_ocr,4,0,0,0.0000,0.0000,0.0000,1.000000,0,0
gemini-3-flash,P4,full_half_width,domain,im_chat,4,0,0,25.0000,25.0000,0.0000,1.000000,0,0
gemini-3-flash,P4,full_half_width,domain,social_media,4,0,0,0.0000,0.0000,0.0000,1.000000,0,0
gemini-3-flash,P4,full_half_width,intensity,hard,3,0,0,0.0000,0.0000,0.0000,1.000000,0,0
gemini-3-flash,P4,full_half_width,intensity,light,12,0,0,16.6667,16.6667,0.0000,1.000000,0,0
gemini-3-flash,P4,full_half_width,intensity,medium,8,0,0,0.0000,0.0000,0.0000,1.000000,0,0
gemini-3-flash,P4,full_half_width,source_style,chat,8,0,0,25.0000,25.0000,0.0000,1.000000,0,0
gemini-3-flash,P4,full_half_width,source_style,doc,3,0,0,0.0000,0.0000,0.0000,1.000000,0,0
gemini-3-flash,P4,full_half_width,source_style,form,4,0,0,0.0000,0.0000,0.0000,1.000000,0,0
gemini-3-flash,P4,full_half_width,source_style,mail,4,0,0,0.0000,0.0000,0.0000,1.000000,0,0
gemini-3-flash,P4,full_half_width,source_style,social,4,0,0,0.0000,0.0000,0.0000,1.000000,0,0
gemini-3-flash,P4,full_half_width,target_field,amount,9,0,0,0.0000,0.0000,0.0000,1.000000,0,0
gemini-3-flash,P4,full_half_width,target_field,company,4,0,0,25.0000,25.0000,0.0000,1.000000,0,0
gemini-3-flash,P4,full_half_width,target_field,date,10,0,0,10.0000,10.0000,0.0000,1.000000,0,0
gemini-3-flash,P4,ocr_confusable,composition,single,24,15,1,12.5000,70.8333,58.3333,0.000519,15,1
gemini-3-flash,P4,ocr_confusable,domain,announcement,4,2,0,0.0000,50.0000,50.0000,0.500000,2,0
gemini-3-flash,P4,ocr_confusable,domain,customer_service,4,2,0,25.0000,75.0000,50.0000,0.500000,2,0
gemini-3-flash,P4,ocr_confusable,domain,email,4,3,0,0.0000,75.0000,75.0000,0.250000,3,0
gemini-3-flash,P4,ocr_confusable,domain,form_ocr,4,3,0,0.0000,75.0000,75.0000,0.250000,3,0
gemini-3-flash,P4,ocr_confusable,domain,im_chat,4,2,1,50.0000,75.0000,25.0000,1.000000,2,1
gemini-3-flash,P4,ocr_confusable,domain,social_media,4,3,0,0.0000,75.0000,75.0000,0.250000,3,0
gemini-3-flash,P4,ocr_confusable,intensity,hard,6,5,0,0.0000,83.3333,83.3333,0.062500,5,0
gemini-3-flash,P4,ocr_confusable,intensity,light,12,5,1,16.6667,50.0000,33.3333,0.218750,5,1
gemini-3-flash,P4,ocr_confusable,intensity,medium,6,5,0,16.6667,100.0000,83.3333,0.062500,5,0
gemini-3-flash,P4,ocr_confusable,source_style,chat,8,4,1,37.5000,75.0000,37.5000,0.375000,4,1
gemini-3-flash,P4,ocr_confusable,source_style,doc,4,2,0,0.0000,50.0000,50.0000,0.500000,2,0
gemini-3-flash,P4,ocr_confusable,source_style,form,4,3,0,0.0000,75.0000,75.0000,0.250000,3,0
gemini-3-flash,P4,ocr_confusable,source_style,mail,4,3,0,0.0000,75.0000,75.0000,0.250000,3,0
gemini-3-flash,P4,ocr_confusable,source_style,social,4,3,0,0.0000,75.0000,75.0000,0.250000,3,0
gemini-3-flash,P4,ocr_confusable,target_field,amount,4,4,0,0.0000,100.0000,100.0000,0.125000,4,0
gemini-3-flash,P4,ocr_confusable,target_field,company,13,11,0,7.6923,92.3077,84.6154,0.000977,11,0
gemini-3-flash,P4,ocr_confusable,target_field,date,7,0,1,28.5714,14.2857,-14.2857,1.000000,0,1
gemini-3-flash,P4,simp_trad,composition,single,48,28,1,14.5833,70.8333,56.2500,0.000000,28,1
gemini-3-flash,P4,simp_trad,domain,announcement,8,7,0,0.0000,87.5000,87.5000,0.015625,7,0
gemini-3-flash,P4,simp_trad,domain,customer_service,8,1,0,50.0000,62.5000,12.5000,1.000000,1,0
gemini-3-flash,P4,simp_trad,domain,email,8,2,1,12.5000,25.0000,12.5000,1.000000,2,1
gemini-3-flash,P4,simp_trad,domain,form_ocr,8,6,0,0.0000,75.0000,75.0000,0.031250,6,0
gemini-3-flash,P4,simp_trad,domain,im_chat,8,5,0,25.0000,87.5000,62.5000,0.062500,5,0
gemini-3-flash,P4,simp_trad,domain,social_media,8,7,0,0.0000,87.5000,87.5000,0.015625,7,0
gemini-3-flash,P4,simp_trad,intensity,hard,9,1,0,22.2222,33.3333,11.1111,1.000000,1,0
gemini-3-flash,P4,simp_trad,intensity,light,26,21,0,3.8462,84.6154,80.7692,0.000001,21,0
gemini-3-flash,P4,simp_trad,intensity,medium,13,6,1,30.7692,69.2308,38.4615,0.125000,6,1
gemini-3-flash,P4,simp_trad,source_style,chat,16,6,0,37.5000,75.0000,37.5000,0.031250,6,0
gemini-3-flash,P4,simp_trad,source_style,doc,8,7,0,0.0000,87.5000,87.5000,0.015625,7,0
gemini-3-flash,P4,simp_trad,source_style,form,8,6,0,0.0000,75.0000,75.0000,0.031250,6,0
gemini-3-flash,P4,simp_trad,source_style,mail,8,2,1,12.5000,25.0000,12.5000,1.000000,2,1
gemini-3-flash,P4,simp_trad,source_style,social,8,7,0,0.0000,87.5000,87.5000,0.015625,7,0
gemini-3-flash,P4,simp_trad,target_field,amount,6,0,0,16.6667,16.6667,0.0000,1.000000,0,0
gemini-3-flash,P4,simp_trad,target_field,company,36,25,1,13.8889,80.5556,66.6667,0.000001,25,1
gemini-3-flash,P4,simp_trad,target_field,date,6,3,0,16.6667,66.6667,50.0000,0.250000,3,0
gpt-5.2,P1,full_half_width,composition,single,24,0,0,8.3333,8.3333,0.0000,1.000000,0,0
gpt-5.2,P1,full_half_width,domain,announcement,4,0,0,0.0000,0.0000,0.0000,1.000000,0,0
gpt-5.2,P1,full_half_width,domain,customer_service,4,0,0,25.0000,25.0000,0.0000,1.000000,0,0
gpt-5.2,P1,full_half_width,domain,email,4,0,0,0.0000,0.0000,0.0000,1.000000,0,0
gpt-5.2,P1,full_half_width,domain,form_ocr,4,0,0,0.0000,0.0000,0.0000,1.000000,0,0
gpt-5.2,P1,full_half_width,domain,im_chat,4,0,0,25.0000,25.0000,0.0000,1.000000,0,0
gpt-5.2,P1,full_half_width,domain,social_media,4,0,0,0.0000,0.0000,0.0000,1.000000,0,0
gpt-5.2,P1,full_half_width,intensity,hard,3,0,0,0.0000,0.0000,0.0000,1.000000,0,0
gpt-5.2,P1,full_half_width,intensity,light,13,0,0,15.3846,15.3846,0.0000,1.000000,0,0
gpt-5.2,P1,full_half_width,intensity,medium,8,0,0,0.0000,0.0000,0.0000,1.000000,0,0
gpt-5.2,P1,full_half_width,source_style,chat,8,0,0,25.0000,25.0000,0.0000,1.000000,0,0
gpt-5.2,P1,full_half_width,source_style,doc,4,0,0,0.0000,0.0000,0.0000,1.000000,0,0
gpt-5.2,P1,full_half_width,source_style,form,4,0,0,0.0000,0.0000,0.0000,1.000000,0,0
gpt-5.2,P1,full_half_width,source_style,mail,4,0,0,0.0000,0.0000,0.0000,1.000000,0,0
gpt-5.2,P1,full_half_width,source_style,social,4,0,0,0.0000,0.0000,0.0000,1.000000,0,0
gpt-5.2,P1,full_half_width,target_field,amount,10,0,0,0.0000,0.0000,0.0000,1.000000,0,0
gpt-5.2,P1,full_half_width,target_field,company,4,0,0,25.0000,25.0000,0.0000,1.000000,0,0
gpt-5.2,P1,full_half_width,target_field,date,10,0,0,10.0000,10.0000,0.0000,1.000000,0,0
gpt-5.2,P1,ocr_confusable,composition,single,24,17,0,12.5000,83.3333,70.8333,0.000015,17,0
gpt-5.2,P1,ocr_confusable,domain,announcement,4,2,0,0.0000,50.0000,50.0000,0.500000,2,0
gpt-5.2,P1,ocr_confusable,domain,customer_service,4,4,0,0.0000,100.0000,100.0000,0.125000,4,0
gpt-5.2,P1,ocr_confusable,domain,email,4,3,0,25.0000,100.0000,75.0000,0.250000,3,0
gpt-5.2,P1,ocr_confusable,domain,form_ocr,4,3,0,0.0000,75.0000,75.0000,0.250000,3,0
gpt-5.2,P1,ocr_confusable,domain,im_chat,4,2,0,50.0000,100.0000,50.0000,0.500000,2,0
gpt-5.2,P1,ocr_confusable,domain,social_media,4,3,0,0.0000,75.0000,75.0000,0.250000,3,0
gpt-5.2,P1,ocr_confusable,intensity,hard,6,5,0,0.0000,83.3333,83.3333,0.062500,5,0
gpt-5.2,P1,ocr_confusable,intensity,light,12,7,0,16.6667,75.0000,58.3333,0.015625,7,0
gpt-5.2,P1,ocr_confusable,intensity,medium,6,5,0,16.6667,100.0000,83.3333,0.062500,5,0
gpt-5.2,P1,ocr_confusable,source_style,chat,8,6,0,25.0000,100.0000,75.0000,0.031250,6,0
gpt-5.2,P1,ocr_confusable,source_style,doc,4,2,0,0.0000,50.0000,50.0000,0.500000,2,0
gpt-5.2,P1,ocr_confusable,source_style,form,4,3,0,0.0000,75.0000,75.0000,0.250000,3,0
gpt-5.2,P1,ocr_confusable,source_style,mail,4,3,0,25.0000,100.0000,75.0000,0.250000,3,0
gpt-5.2,P1,ocr_confusable,source_style,social,4,3,0,0.0000,75.0000,75.0000,0.250000,3,0
gpt-5.2,P1,ocr_confusable,target_field,amount,4,4,0,0.0000,100.0000,100.0000,0.125000,4,0
gpt-5.2,P1,ocr_confusable,target_field,company,13,10,0,15.3846,92.3077,76.9231,0.001953,10,0
gpt-5.2,P1,ocr_confusable,target_field,date,7,3,0,14.2857,57.1429,42.8571,0.250000,3,0
gpt-5.2,P1,simp_trad,composition,single,48,28,1,16.6667,72.9167,56.2500,0.000000,28,1
gpt-5.2,P1,simp_trad,domain,announcement,8,7,0,0.0000,87.5000,87.5000,0.015625,7,0
gpt-5.2,P1,simp_trad,domain,customer_service,8,1,0,37.5000,50.0000,12.5000,1.000000,1,0
gpt-5.2,P1,simp_trad,domain,email,8,3,1,25.0000,50.0000,25.0000,0.625000,3,1
gpt-5.2,P1,simp_trad,domain,form_ocr,8,6,0,0.0000,75.0000,75.0000,0.031250,6,0
gpt-5.2,P1,simp_trad,domain,im_chat,8,5,0,25.0000,87.5000,62.5000,0.062500,5,0
gpt-5.2,P1,simp_trad,domain,social_media,8,6,0,12.5000,87.5000,75.0000,0.031250,6,0
gpt-5.2,P1,simp_trad,intensity,hard,9,1,0,22.2222,33.3333,11.1111,1.000000,1,0
gpt-5.2,P1,simp_trad,intensity,light,26,19,0,7.6923,80.7692,73.0769,0.000004,19,0
gpt-5.2,P1,simp_trad,intensity,medium,13,8,1,30.7692,84.6154,53.8462,0.039062,8,1
gpt-5.2,P1,simp_trad,source_style,chat,16,6,0,31.2500,68.7500,37.5000,0.031250,6,0
gpt-5.2,P1,simp_trad,source_style,doc,8,7,0,0.0000,87.5000,87.5000,0.015625,7,0
gpt-5.2,P1,simp_trad,source_style,form,8,6,0,0.0000,75.0000,75.0000,0.031250,6,0
gpt-5.2,P1,simp_trad,source_style,mail,8,3,1,25.0000,50.0000,25.0000,0.625000,3,1
gpt-5.2,P1,simp_trad,source_style,social,8,6,0,12.5000,87.5000,75.0000,0.031250,6,0
gpt-5.2,P1,simp_trad,target_field,amount,6,0,0,16.6667,16.6667,0.0000,1.000000,0,0
gpt-5.2,P1,simp_trad,target_field,company,36,25,1,16.6667,83.3333,66.6667,0.000001,25,1
gpt-5.2,P1,simp_trad,target_field,date,6,3,0,16.6667,66.6667,50.0000,0.250000,3,0
gpt-5.2,P2,full_half_width,composition,single,24,0,1,12.5000,8.3333,-4.1667,1.000000,0,1
gpt-5.2,P2,full_half_width,domain,announcement,4,0,0,0.0000,0.0000,0.0000,1.000000,0,0
gpt-5.2,P2,full_half_width,domain,customer_service,4,0,0,25.0000,25.0000,0.0000,1.000000,0,0
gpt-5.2,P2,full_half_width,domain,email,4,0,1,25.0000,0.0000,-25.0000,1.000000,0,1
gpt-5.2,P2,full_half_width,domain,form_ocr,4,0,0,0.0000,0.0000,0.0000,1.000000,0,0
gpt-5.2,P2,full_half_width,domain,im_chat,4,0,0,25.0000,25.0000,0.0000,1.000000,0,0
gpt-5.2,P2,full_half_width,domain,social_media,4,0,0,0.0000,0.0000,0.0000,1.000000,0,0
gpt-5.2,P2,full_half_width,intensity,hard,3,0,0,0.0000,0.0000,0.0000,1.000000,0,0
gpt-5.2,P2,full_half_width,intensity,light,13,0,1,23.0769,15.3846,-7.6923,1.000000,0,1
gpt-5.2,P2,full_half_width,intensity,medium,8,0,0,0.0000,0.0000,0.0000,1.000000,0,0
gpt-5.2,P2,full_half_width,source_style,chat,8,0,0,25.0000,25.0000,0.0000,1.000000,0,0
gpt-5.2,P2,full_half_width,source_style,doc,4,0,0,0.0000,0.0000,0.0000,1.000000,0,0
gpt-5.2,P2,full_half_width,source_style,form,4,0,0,0.0000,0.0000,0.0000,1.000000,0,0
gpt-5.2,P2,full_half_width,source_style,mail,4,0,1,25.0000,0.0000,-25.0000,1.000000,0,1
gpt-5.2,P2,full_half_width,source_style,social,4,0,0,0.0000,0.0000,0.0000,1.000000,0,0
gpt-5.2,P2,full_half_width,target_field,amount,10,0,0,0.0000,0.0000,0.0000,1.000000,0,0
gpt-5.2,P2,full_half_width,target_field,company,4,0,0,25.0000,25.0000,0.0000,1.000000,0,0
gpt-5.2,P2,full_half_width,target_field,date,10,0,1,20.0000,10.0000,-10.0000,1.000000,0,1
gpt-5.2,P2,ocr_confusable,composition,single,24,19,0,8.3333,87.5000,79.1667,0.000004,19,0
gpt-5.2,P2,ocr_confusable,domain,announcement,4,3,0,0.0000,75.0000,75.0000,0.250000,3,0
gpt-5.2,P2,ocr_confusable,domain,customer_service,4,4,0,0.0000,100.0000,100.0000,0.125000,4,0
gpt-5.2,P2,ocr_confusable,domain,email,4,3,0,0.0000,75.0000,75.0000,0.250000,3,0
gpt-5.2,P2,ocr_confusable,domain,form_ocr,4,3,0,0.0000,75.0000,75.0000,0.250000,3,0
gpt-5.2,P2,ocr_confusable,domain,im_chat,4,2,0,50.0000,100.0000,50.0000,0.500000,2,0
gpt-5.2,P2,ocr_confusable,domain,social_media,4,4,0,0.0000,100.0000,100.0000,0.125000,4,0
gpt-5.2,P2,ocr_confusable,intensity,hard,6,5,0,0.0000,83.3333,83.3333,0.062500,5,0
gpt-5.2,P2,ocr_confusable,intensity,light,12,9,0,8.3333,83.3333,75.0000,0.003906,9,0
gpt-5.2,P2,ocr_confusable,intensity,medium,6,5,0,16.6667,100.0000,83.3333,0.062500,5,0
gpt-5.2,P2,ocr_confusable,source_style,chat,8,6,0,25.0000,100.0000,75.0000,0.031250,6,0
gpt-5.2,P2,ocr_confusable,source_style,doc,4,3,0,0.0000,75.0000,75.0000,0.250000,3,0
gpt-5.2,P2,ocr_confusable,source_style,form,4,3,0,0.0000,75.0000,75.0000,0.250000,3,0
gpt-5.2,P2,ocr_confusable,source_style,mail,4,3,0,0.0000,75.0000,75.0000,0.250000,3,0
gpt-5.2,P2,ocr_confusable,source_style,social,4,4,0,0.0000,100.0000,100.0000,0.125000,4,0
gpt-5.2,P2,ocr_confusable,target_field,amount,4,4,0,0.0000,100.0000,100.0000,0.125000,4,0
gpt-5.2,P2,ocr_confusable,target_field,company,13,12,0,7.6923,100.0000,92.3077,0.000488,12,0
gpt-5.2,P2,ocr_confusable,target_field,date,7,3,0,14.2857,57.1429,42.8571,0.250000,3,0
gpt-5.2,P2,simp_trad,composition,single,48,26,0,16.6667,70.8333,54.1667,0.000000,26,0
gpt-5.2,P2,simp_trad,domain,announcement,8,6,0,12.5000,87.5000,75.0000,0.031250,6,0
gpt-5.2,P2,simp_trad,domain,customer_service,8,1,0,37.5000,50.0000,12.5000,1.000000,1,0
gpt-5.2,P2,simp_trad,domain,email,8,2,0,12.5000,37.5000,25.0000,0.500000,2,0
gpt-5.2,P2,simp_trad,domain,form_ocr,8,6,0,0.0000,75.0000,75.0000,0.031250,6,0
gpt-5.2,P2,simp_trad,domain,im_chat,8,4,0,37.5000,87.5000,50.0000,0.125000,4,0
gpt-5.2,P2,simp_trad,domain,social_media,8,7,0,0.0000,87.5000,87.5000,0.015625,7,0
gpt-5.2,P2,simp_trad,intensity,hard,9,1,0,22.2222,33.3333,11.1111,1.000000,1,0
gpt-5.2,P2,simp_trad,intensity,light,26,18,0,11.5385,80.7692,69.2308,0.000008,18,0
gpt-5.2,P2,simp_trad,intensity,medium,13,7,0,23.0769,76.9231,53.8462,0.015625,7,0
gpt-5.2,P2,simp_trad,source_style,chat,16,5,0,37.5000,68.7500,31.2500,0.062500,5,0
gpt-5.2,P2,simp_trad,source_style,doc,8,6,0,12.5000,87.5000,75.0000,0.031250,6,0
gpt-5.2,P2,simp_trad,source_style,form,8,6,0,0.0000,75.0000,75.0000,0.031250,6,0
gpt-5.2,P2,simp_trad,source_style,mail,8,2,0,12.5000,37.5000,25.0000,0.500000,2,0
gpt-5.2,P2,simp_trad,source_style,social,8,7,0,0.0000,87.5000,87.5000,0.015625,7,0
gpt-5.2,P2,simp_trad,target_field,amount,6,0,0,16.6667,16.6667,0.0000,1.000000,0,0
gpt-5.2,P2,simp_trad,target_field,company,36,23,0,16.6667,80.5556,63.8889,0.000000,23,0
gpt-5.2,P2,simp_trad,target_field,date,6,3,0,16.6667,66.6667,50.0000,0.250000,3,0
gpt-5.2,P3,full_half_width,composition,single,24,0,0,4.1667,4.1667,0.0000,1.000000,0,0
gpt-5.2,P3,full_half_width,domain,announcement,4,0,0,0.0000,0.0000,0.0000,1.000000,0,0
gpt-5.2,P3,full_half_width,domain,customer_service,4,0,0,0.0000,0.0000,0.0000,1.000000,0,0
gpt-5.2,P3,full_half_width,domain,email,4,0,0,0.0000,0.0000,0.0000,1.000000,0,0
gpt-5.2,P3,full_half_width,domain,form_ocr,4,0,0,0.0000,0.0000,0.0000,1.000000,0,0
gpt-5.2,P3,full_half_width,domain,im_chat,4,0,0,25.0000,25.0000,0.0000,1.000000,0,0
gpt-5.2,P3,full_half_width,domain,social_media,4,0,0,0.0000,0.0000,0.0000,1.000000,0,0
gpt-5.2,P3,full_half_width,intensity,hard,3,0,0,0.0000,0.0000,0.0000,1.000000,0,0
gpt-5.2,P3,full_half_width,intensity,light,13,0,0,7.6923,7.6923,0.0000,1.000000,0,0
gpt-5.2,P3,full_half_width,intensity,medium,8,0,0,0.0000,0.0000,0.0000,1.000000,0,0
gpt-5.2,P3,full_half_width,source_style,chat,8,0,0,12.5000,12.5000,0.0000,1.000000,0,0
gpt-5.2,P3,full_half_width,source_style,doc,4,0,0,0.0000,0.0000,0.0000,1.000000,0,0
gpt-5.2,P3,full_half_width,source_style,form,4,0,0,0.0000,0.0000,0.0000,1.000000,0,0
gpt-5.2,P3,full_half_width,source_style,mail,4,0,0,0.0000,0.0000,0.0000,1.000000,0,0
gpt-5.2,P3,full_half_width,source_style,social,4,0,0,0.0000,0.0000,0.0000,1.000000,0,0
gpt-5.2,P3,full_half_width,target_field,amount,10,0,0,0.0000,0.0000,0.0000,1.000000,0,0
gpt-5.2,P3,full_half_width,target_field,company,4,0,0,25.0000,25.0000,0.0000,1.000000,0,0
gpt-5.2,P3,full_half_width,target_field,date,10,0,0,0.0000,0.0000,0.0000,1.000000,0,0
gpt-5.2,P3,ocr_confusable,composition,single,24,15,0,8.3333,70.8333,62.5000,0.000061,15,0
gpt-5.2,P3,ocr_confusable,domain,announcement,4,2,0,0.0000,50.0000,50.0000,0.500000,2,0
gpt-5.2,P3,ocr_confusable,domain,customer_service,4,2,0,0.0000,50.0000,50.0000,0.500000,2,0
gpt-5.2,P3,ocr_confusable,domain,email,4,3,0,0.0000,75.0000,75.0000,0.250000,3,0
gpt-5.2,P3,ocr_confusable,domain,form_ocr,4,3,0,0.0000,75.0000,75.0000,0.250000,3,0
gpt-5.2,P3,ocr_confusable,domain,im_chat,4,2,0,50.0000,100.0000,50.0000,0.500000,2,0
gpt-5.2,P3,ocr_confusable,domain,social_media,4,3,0,0.0000,75.0000,75.0000,0.250000,3,0
gpt-5.2,P3,ocr_confusable,intensity,hard,6,5,0,0.0000,83.3333,83.3333,0.062500,5,0
gpt-5.2,P3,ocr_confusable,intensity,light,12,5,0,8.3333,50.0000,41.6667,0.062500,5,0
gpt-5.2,P3,ocr_confusable,intensity,medium,6,5,0,16.6667,100.0000,83.3333,0.062500,5,0
gpt-5.2,P3,ocr_confusable,source_style,chat,8,4,0,25.0000,75.0000,50.0000,0.125000,4,0
gpt-5.2,P3,ocr_confusable,source_style,doc,4,2,0,0.0000,50.0000,50.0000,0.500000,2,0
gpt-5.2,P3,ocr_confusable,source_style,form,4,3,0,0.0000,75.0000,75.0000,0.250000,3,0
gpt-5.2,P3,ocr_confusable,source_style,mail,4,3,0,0.0000,75.0000,75.0000,0.250000,3,0
gpt-5.2,P3,ocr_confusable,source_style,social,4,3,0,0.0000,75.0000,75.0000,0.250000,3,0
gpt-5.2,P3,ocr_confusable,target_field,amount,4,4,0,0.0000,100.0000,100.0000,0.125000,4,0
gpt-5.2,P3,ocr_confusable,target_field,company,13,11,0,7.6923,92.3077,84.6154,0.000977,11,0
gpt-5.2,P3,ocr_confusable,target_field,date,7,0,0,14.2857,14.2857,0.0000,1.000000,0,0
gpt-5.2,P3,simp_trad,composition,single,48,26,1,12.5000,64.5833,52.0833,0.000000,26,1
gpt-5.2,P3,simp_trad,domain,announcement,8,7,0,0.0000,87.5000,87.5000,0.015625,7,0
gpt-5.2,P3,simp_trad,domain,customer_service,8,1,1,37.5000,37.5000,0.0000,1.000000,1,1
gpt-5.2,P3,simp_trad,domain,email,8,2,0,0.0000,25.0000,25.0000,0.500000,2,0
gpt-5.2,P3,simp_trad,domain,form_ocr,8,5,0,0.0000,62.5000,62.5000,0.062500,5,0
gpt-5.2,P3,simp_trad,domain,im_chat,8,5,0,25.0000,87.5000,62.5000,0.062500,5,0
gpt-5.2,P3,simp_trad,domain,social_media,8,6,0,12.5000,87.5000,75.0000,0.031250,6,0
gpt-5.2,P3,simp_trad,intensity,hard,9,1,1,22.2222,22.2222,0.0000,1.000000,1,1
gpt-5.2,P3,simp_trad,intensity,light,26,18,0,7.6923,76.9231,69.2308,0.000008,18,0
gpt-5.2,P3,simp_trad,intensity,medium,13,7,0,15.3846,69.2308,53.8462,0.015625,7,0
gpt-5.2,P3,simp_trad,source_style,chat,16,6,1,31.2500,62.5000,31.2500,0.125000,6,1
gpt-5.2,P3,simp_trad,source_style,doc,8,7,0,0.0000,87.5000,87.5000,0.015625,7,0
gpt-5.2,P3,simp_trad,source_style,form,8,5,0,0.0000,62.5000,62.5000,0.062500,5,0
gpt-5.2,P3,simp_trad,source_style,mail,8,2,0,0.0000,25.0000,25.0000,0.500000,2,0
gpt-5.2,P3,simp_trad,source_style,social,8,6,0,12.5000,87.5000,75.0000,0.031250,6,0
gpt-5.2,P3,simp_trad,target_field,amount,6,0,1,16.6667,0.0000,-16.6667,1.000000,0,1
gpt-5.2,P3,simp_trad,target_field,company,36,23,0,11.1111,75.0000,63.8889,0.000000,23,0
gpt-5.2,P3,simp_trad,target_field,date,6,3,0,16.6667,66.6667,50.0000,0.250000,3,0
gpt-5.2,P4,full_half_width,composition,single,24,0,2,16.6667,8.3333,-8.3333,0.500000,0,2
gpt-5.2,P4,full_half_width,domain,announcement,4,0,0,0.0000,0.0000,0.0000,1.000000,0,0
gpt-5.2,P4,full_half_width,domain,customer_service,4,0,1,50.0000,25.0000,-25.0000,1.000000,0,1
gpt-5.2,P4,full_half_width,domain,email,4,0,1,25.0000,0.0000,-25.0000,1.000000,0,1
gpt-5.2,P4,full_half_width,domain,form_ocr,4,0,0,0.0000,0.0000,0.0000,1.000000,0,0
gpt-5.2,P4,full_half_width,domain,im_chat,4,0,0,25.0000,25.0000,0.0000,1.000000,0,0
gpt-5.2,P4,full_half_width,domain,social_media,4,0,0,0.0000,0.0000,0.0000,1.000000,0,0
gpt-5.2,P4,full_half_width,intensity,hard,3,0,0,0.0000,0.0000,0.0000,1.000000,0,0
gpt-5.2,P4,full_half_width,intensity,light,13,0,2,30.7692,15.3846,-15.3846,0.500000,0,2
gpt-5.2,P4,full_half_width,intensity,medium,8,0,0,0.0000,0.0000,0.0000,1.000000,0,0
gpt-5.2,P4,full_half_width,source_style,chat,8,0,1,37.5000,25.0000,-12.5000,1.000000,0,1
gpt-5.2,P4,full_half_width,source_style,doc,4,0,0,0.0000,0.0000,0.0000,1.000000,0,0
gpt-5.2,P4,full_half_width,source_style,form,4,0,0,0.0000,0.0000,0.0000,1.000000,0,0
gpt-5.2,P4,full_half_width,source_style,mail,4,0,1,25.0000,0.0000,-25.0000,1.000000,0,1
gpt-5.2,P4,full_half_width,source_style,social,4,0,0,0.0000,0.0000,0.0000,1.000000,0,0
gpt-5.2,P4,full_half_width,target_field,amount,10,0,1,10.0000,0.0000,-10.0000,1.000000,0,1
gpt-5.2,P4,full_half_width,target_field,company,4,0,0,25.0000,25.0000,0.0000,1.000000,0,0
gpt-5.2,P4,full_half_width,target_field,date,10,0,1,20.0000,10.0000,-10.0000,1.000000,0,1
gpt-5.2,P4,ocr_confusable,composition,single,24,15,1,16.6667,75.0000,58.3333,0.000519,15,1
gpt-5.2,P4,ocr_confusable,domain,announcement,4,2,0,0.0000,50.0000,50.0000,0.500000,2,0
gpt-5.2,P4,ocr_confusable,domain,customer_service,4,4,0,0.0000,100.0000,100.0000,0.125000,4,0
gpt-5.2,P4,ocr_confusable,domain,email,4,1,0,50.0000,75.0000,25.0000,1.000000,1,0
gpt-5.2,P4,ocr_confusable,domain,form_ocr,4,3,0,0.0000,75.0000,75.0000,0.250000,3,0
gpt-5.2,P4,ocr_confusable,domain,im_chat,4,2,1,50.0000,75.0000,25.0000,1.000000,2,1
gpt-5.2,P4,ocr_confusable,domain,social_media,4,3,0,0.0000,75.0000,75.0000,0.250000,3,0
gpt-5.2,P4,ocr_confusable,intensity,hard,6,4,0,16.6667,83.3333,66.6667,0.125000,4,0
gpt-5.2,P4,ocr_confusable,intensity,light,12,6,1,16.6667,58.3333,41.6667,0.125000,6,1
gpt-5.2,P4,ocr_confusable,intensity,medium,6,5,0,16.6667,100.0000,83.3333,0.062500,5,0
gpt-5.2,P4,ocr_confusable,source_style,chat,8,6,1,25.0000,87.5000,62.5000,0.125000,6,1
gpt-5.2,P4,ocr_confusable,source_style,doc,4,2,0,0.0000,50.0000,50.0000,0.500000,2,0
gpt-5.2,P4,ocr_confusable,source_style,form,4,3,0,0.0000,75.0000,75.0000,0.250000,3,0
gpt-5.2,P4,ocr_confusable,source_style,mail,4,1,0,50.0000,75.0000,25.0000,1.000000,1,0
gpt-5.2,P4,ocr_confusable,source_style,social,4,3,0,0.0000,75.0000,75.0000,0.250000,3,0
gpt-5.2,P4,ocr_confusable,target_field,amount,4,4,0,0.0000,100.0000,100.0000,0.125000,4,0
gpt-5.2,P4,ocr_confusable,target_field,company,13,9,0,23.0769,92.3077,69.2308,0.003906,9,0
gpt-5.2,P4,ocr_confusable,target_field,date,7,2,1,14.2857,28.5714,14.2857,1.000000,2,1
gpt-5.2,P4,simp_trad,composition,single,48,25,0,18.7500,70.8333,52.0833,0.000000,25,0
gpt-5.2,P4,simp_trad,domain,announcement,8,7,0,0.0000,87.5000,87.5000,0.015625,7,0
gpt-5.2,P4,simp_trad,domain,customer_service,8,1,0,37.5000,50.0000,12.5000,1.000000,1,0
gpt-5.2,P4,simp_trad,domain,email,8,2,0,25.0000,50.0000,25.0000,0.500000,2,0
gpt-5.2,P4,simp_trad,domain,form_ocr,8,6,0,0.0000,75.0000,75.0000,0.031250,6,0
gpt-5.2,P4,simp_trad,domain,im_chat,8,3,0,37.5000,75.0000,37.5000,0.250000,3,0
gpt-5.2,P4,simp_trad,domain,social_media,8,6,0,12.5000,87.5000,75.0000,0.031250,6,0
gpt-5.2,P4,simp_trad,intensity,hard,9,1,0,22.2222,33.3333,11.1111,1.000000,1,0
gpt-5.2,P4,simp_trad,intensity,light,26,17,0,11.5385,76.9231,65.3846,0.000015,17,0
gpt-5.2,P4,simp_trad,intensity,medium,13,7,0,30.7692,84.6154,53.8462,0.015625,7,0
gpt-5.2,P4,simp_trad,source_style,chat,16,4,0,37.5000,62.5000,25.0000,0.125000,4,0
gpt-5.2,P4,simp_trad,source_style,doc,8,7,0,0.0000,87.5000,87.5000,0.015625,7,0
gpt-5.2,P4,simp_trad,source_style,form,8,6,0,0.0000,75.0000,75.0000,0.031250,6,0
gpt-5.2,P4,simp_trad,source_style,mail,8,2,0,25.0000,50.0000,25.0000,0.500000,2,0
gpt-5.2,P4,simp_trad,source_style,social,8,6,0,12.5000,87.5000,75.0000,0.031250,6,0
gpt-5.2,P4,simp_trad,target_field,amount,6,0,0,16.6667,16.6667,0.0000,1.000000,0,0
gpt-5.2,P4,simp_trad,target_field,company,36,22,0,19.4444,80.5556,61.1111,0.000000,22,0
gpt-5.2,P4,simp_trad,target_field,date,6,3,0,16.6667,66.6667,50.0000,0.250000,3,0
